/Users/trinidad.borrell/Documents/Work/MARS-V/code/manifold-persona/.venv/lib/python3.9/site-packages/sklearn/utils/extmath.py:335: RuntimeWarning: divide by zero encountered in matmul
  Q, _ = normalizer(A @ Q)
/Users/trinidad.borrell/Documents/Work/MARS-V/code/manifold-persona/.venv/lib/python3.9/site-packages/sklearn/utils/extmath.py:335: RuntimeWarning: overflow encountered in matmul
  Q, _ = normalizer(A @ Q)
/Users/trinidad.borrell/Documents/Work/MARS-V/code/manifold-persona/.venv/lib/python3.9/site-packages/sklearn/utils/extmath.py:335: RuntimeWarning: invalid value encountered in matmul
  Q, _ = normalizer(A @ Q)
/Users/trinidad.borrell/Documents/Work/MARS-V/code/manifold-persona/.venv/lib/python3.9/site-packages/sklearn/utils/extmath.py:336: RuntimeWarning: divide by zero encountered in matmul
  Q, _ = normalizer(A.T @ Q)
/Users/trinidad.borrell/Documents/Work/MARS-V/code/manifold-persona/.venv/lib/python3.9/site-packages/sklearn/utils/extmath.py:336: RuntimeWarning: overflow encountered in matmul
  Q, _ = normalizer(A.T @ Q)
/Users/trinidad.borrell/Documents/Work/MARS-V/code/manifold-persona/.venv/lib/python3.9/site-packages/sklearn/utils/extmath.py:336: RuntimeWarning: invalid value encountered in matmul
  Q, _ = normalizer(A.T @ Q)
/Users/trinidad.borrell/Documents/Work/MARS-V/code/manifold-persona/.venv/lib/python3.9/site-packages/sklearn/utils/extmath.py:340: RuntimeWarning: divide by zero encountered in matmul
  Q, _ = qr_normalizer(A @ Q)
/Users/trinidad.borrell/Documents/Work/MARS-V/code/manifold-persona/.venv/lib/python3.9/site-packages/sklearn/utils/extmath.py:340: RuntimeWarning: overflow encountered in matmul
  Q, _ = qr_normalizer(A @ Q)
/Users/trinidad.borrell/Documents/Work/MARS-V/code/manifold-persona/.venv/lib/python3.9/site-packages/sklearn/utils/extmath.py:340: RuntimeWarning: invalid value encountered in matmul
  Q, _ = qr_normalizer(A @ Q)
/Users/trinidad.borrell/Documents/Work/MARS-V/code/manifold-persona/.venv/lib/python3.9/site-packages/sklearn/utils/extmath.py:533: RuntimeWarning: divide by zero encountered in matmul
  B = Q.T @ M
/Users/trinidad.borrell/Documents/Work/MARS-V/code/manifold-persona/.venv/lib/python3.9/site-packages/sklearn/utils/extmath.py:533: RuntimeWarning: overflow encountered in matmul
  B = Q.T @ M
/Users/trinidad.borrell/Documents/Work/MARS-V/code/manifold-persona/.venv/lib/python3.9/site-packages/sklearn/utils/extmath.py:533: RuntimeWarning: invalid value encountered in matmul
  B = Q.T @ M
/Users/trinidad.borrell/Documents/Work/MARS-V/code/manifold-persona/.venv/lib/python3.9/site-packages/sklearn/utils/extmath.py:547: RuntimeWarning: divide by zero encountered in matmul
  U = Q @ Uhat
/Users/trinidad.borrell/Documents/Work/MARS-V/code/manifold-persona/.venv/lib/python3.9/site-packages/sklearn/utils/extmath.py:547: RuntimeWarning: overflow encountered in matmul
  U = Q @ Uhat
/Users/trinidad.borrell/Documents/Work/MARS-V/code/manifold-persona/.venv/lib/python3.9/site-packages/sklearn/utils/extmath.py:547: RuntimeWarning: invalid value encountered in matmul
  U = Q @ Uhat
/Users/trinidad.borrell/Documents/Work/MARS-V/code/manifold-persona/manifold/pipeline.py:299: RuntimeWarning: divide by zero encountered in matmul
  centers = F @ B
/Users/trinidad.borrell/Documents/Work/MARS-V/code/manifold-persona/manifold/pipeline.py:299: RuntimeWarning: overflow encountered in matmul
  centers = F @ B
/Users/trinidad.borrell/Documents/Work/MARS-V/code/manifold-persona/manifold/pipeline.py:299: RuntimeWarning: invalid value encountered in matmul
  centers = F @ B
/Users/trinidad.borrell/Documents/Work/MARS-V/code/manifold-persona/manifold/tps.py:92: RuntimeWarning: divide by zero encountered in matmul
  return Kq @ self._w + Pq @ self._poly
/Users/trinidad.borrell/Documents/Work/MARS-V/code/manifold-persona/manifold/tps.py:92: RuntimeWarning: overflow encountered in matmul
  return Kq @ self._w + Pq @ self._poly
/Users/trinidad.borrell/Documents/Work/MARS-V/code/manifold-persona/manifold/tps.py:92: RuntimeWarning: invalid value encountered in matmul
  return Kq @ self._w + Pq @ self._poly
/Users/trinidad.borrell/Documents/Work/MARS-V/code/manifold-persona/manifold/tps.py:92: RuntimeWarning: divide by zero encountered in matmul
  return Kq @ self._w + Pq @ self._poly
/Users/trinidad.borrell/Documents/Work/MARS-V/code/manifold-persona/manifold/tps.py:92: RuntimeWarning: overflow encountered in matmul
  return Kq @ self._w + Pq @ self._poly
/Users/trinidad.borrell/Documents/Work/MARS-V/code/manifold-persona/manifold/tps.py:92: RuntimeWarning: invalid value encountered in matmul
  return Kq @ self._w + Pq @ self._poly
/Users/trinidad.borrell/Documents/Work/MARS-V/code/manifold-persona/manifold/tps.py:92: RuntimeWarning: divide by zero encountered in matmul
  return Kq @ self._w + Pq @ self._poly
/Users/trinidad.borrell/Documents/Work/MARS-V/code/manifold-persona/manifold/tps.py:92: RuntimeWarning: overflow encountered in matmul
  return Kq @ self._w + Pq @ self._poly
/Users/trinidad.borrell/Documents/Work/MARS-V/code/manifold-persona/manifold/tps.py:92: RuntimeWarning: invalid value encountered in matmul
  return Kq @ self._w + Pq @ self._poly
/Users/trinidad.borrell/Documents/Work/MARS-V/code/manifold-persona/manifold/tps.py:92: RuntimeWarning: divide by zero encountered in matmul
  return Kq @ self._w + Pq @ self._poly
/Users/trinidad.borrell/Documents/Work/MARS-V/code/manifold-persona/manifold/tps.py:92: RuntimeWarning: overflow encountered in matmul
  return Kq @ self._w + Pq @ self._poly
/Users/trinidad.borrell/Documents/Work/MARS-V/code/manifold-persona/manifold/tps.py:92: RuntimeWarning: invalid value encountered in matmul
  return Kq @ self._w + Pq @ self._poly
/Users/trinidad.borrell/Documents/Work/MARS-V/code/manifold-persona/manifold/tps.py:92: RuntimeWarning: divide by zero encountered in matmul
  return Kq @ self._w + Pq @ self._poly
/Users/trinidad.borrell/Documents/Work/MARS-V/code/manifold-persona/manifold/tps.py:92: RuntimeWarning: overflow encountered in matmul
  return Kq @ self._w + Pq @ self._poly
/Users/trinidad.borrell/Documents/Work/MARS-V/code/manifold-persona/manifold/tps.py:92: RuntimeWarning: invalid value encountered in matmul
  return Kq @ self._w + Pq @ self._poly
/Users/trinidad.borrell/Documents/Work/MARS-V/code/manifold-persona/manifold/tps.py:92: RuntimeWarning: divide by zero encountered in matmul
  return Kq @ self._w + Pq @ self._poly
/Users/trinidad.borrell/Documents/Work/MARS-V/code/manifold-persona/manifold/tps.py:92: RuntimeWarning: overflow encountered in matmul
  return Kq @ self._w + Pq @ self._poly
/Users/trinidad.borrell/Documents/Work/MARS-V/code/manifold-persona/manifold/tps.py:92: RuntimeWarning: invalid value encountered in matmul
  return Kq @ self._w + Pq @ self._poly
/Users/trinidad.borrell/Documents/Work/MARS-V/code/manifold-persona/manifold/tps.py:92: RuntimeWarning: divide by zero encountered in matmul
  return Kq @ self._w + Pq @ self._poly
/Users/trinidad.borrell/Documents/Work/MARS-V/code/manifold-persona/manifold/tps.py:92: RuntimeWarning: overflow encountered in matmul
  return Kq @ self._w + Pq @ self._poly
/Users/trinidad.borrell/Documents/Work/MARS-V/code/manifold-persona/manifold/tps.py:92: RuntimeWarning: invalid value encountered in matmul
  return Kq @ self._w + Pq @ self._poly
/Users/trinidad.borrell/Documents/Work/MARS-V/code/manifold-persona/manifold/tps.py:92: RuntimeWarning: divide by zero encountered in matmul
  return Kq @ self._w + Pq @ self._poly
/Users/trinidad.borrell/Documents/Work/MARS-V/code/manifold-persona/manifold/tps.py:92: RuntimeWarning: overflow encountered in matmul
  return Kq @ self._w + Pq @ self._poly
/Users/trinidad.borrell/Documents/Work/MARS-V/code/manifold-persona/manifold/tps.py:92: RuntimeWarning: invalid value encountered in matmul
  return Kq @ self._w + Pq @ self._poly
/Users/trinidad.borrell/Documents/Work/MARS-V/code/manifold-persona/manifold/tps.py:92: RuntimeWarning: divide by zero encountered in matmul
  return Kq @ self._w + Pq @ self._poly
/Users/trinidad.borrell/Documents/Work/MARS-V/code/manifold-persona/manifold/tps.py:92: RuntimeWarning: overflow encountered in matmul
  return Kq @ self._w + Pq @ self._poly
/Users/trinidad.borrell/Documents/Work/MARS-V/code/manifold-persona/manifold/tps.py:92: RuntimeWarning: invalid value encountered in matmul
  return Kq @ self._w + Pq @ self._poly
/Users/trinidad.borrell/Documents/Work/MARS-V/code/manifold-persona/manifold/tps.py:92: RuntimeWarning: divide by zero encountered in matmul
  return Kq @ self._w + Pq @ self._poly
/Users/trinidad.borrell/Documents/Work/MARS-V/code/manifold-persona/manifold/tps.py:92: RuntimeWarning: overflow encountered in matmul
  return Kq @ self._w + Pq @ self._poly
/Users/trinidad.borrell/Documents/Work/MARS-V/code/manifold-persona/manifold/tps.py:92: RuntimeWarning: invalid value encountered in matmul
  return Kq @ self._w + Pq @ self._poly
/Users/trinidad.borrell/Documents/Work/MARS-V/code/manifold-persona/manifold/tps.py:92: RuntimeWarning: divide by zero encountered in matmul
  return Kq @ self._w + Pq @ self._poly
/Users/trinidad.borrell/Documents/Work/MARS-V/code/manifold-persona/manifold/tps.py:92: RuntimeWarning: overflow encountered in matmul
  return Kq @ self._w + Pq @ self._poly
/Users/trinidad.borrell/Documents/Work/MARS-V/code/manifold-persona/manifold/tps.py:92: RuntimeWarning: invalid value encountered in matmul
  return Kq @ self._w + Pq @ self._poly
/Users/trinidad.borrell/Documents/Work/MARS-V/code/manifold-persona/manifold/tps.py:92: RuntimeWarning: divide by zero encountered in matmul
  return Kq @ self._w + Pq @ self._poly
/Users/trinidad.borrell/Documents/Work/MARS-V/code/manifold-persona/manifold/tps.py:92: RuntimeWarning: overflow encountered in matmul
  return Kq @ self._w + Pq @ self._poly
/Users/trinidad.borrell/Documents/Work/MARS-V/code/manifold-persona/manifold/tps.py:92: RuntimeWarning: invalid value encountered in matmul
  return Kq @ self._w + Pq @ self._poly
/Users/trinidad.borrell/Documents/Work/MARS-V/code/manifold-persona/manifold/tps.py:92: RuntimeWarning: divide by zero encountered in matmul
  return Kq @ self._w + Pq @ self._poly
/Users/trinidad.borrell/Documents/Work/MARS-V/code/manifold-persona/manifold/tps.py:92: RuntimeWarning: overflow encountered in matmul
  return Kq @ self._w + Pq @ self._poly
/Users/trinidad.borrell/Documents/Work/MARS-V/code/manifold-persona/manifold/tps.py:92: RuntimeWarning: invalid value encountered in matmul
  return Kq @ self._w + Pq @ self._poly
/Users/trinidad.borrell/Documents/Work/MARS-V/code/manifold-persona/manifold/tps.py:92: RuntimeWarning: divide by zero encountered in matmul
  return Kq @ self._w + Pq @ self._poly
/Users/trinidad.borrell/Documents/Work/MARS-V/code/manifold-persona/manifold/tps.py:92: RuntimeWarning: overflow encountered in matmul
  return Kq @ self._w + Pq @ self._poly
/Users/trinidad.borrell/Documents/Work/MARS-V/code/manifold-persona/manifold/tps.py:92: RuntimeWarning: invalid value encountered in matmul
  return Kq @ self._w + Pq @ self._poly
/Users/trinidad.borrell/Documents/Work/MARS-V/code/manifold-persona/manifold/tps.py:92: RuntimeWarning: divide by zero encountered in matmul
  return Kq @ self._w + Pq @ self._poly
/Users/trinidad.borrell/Documents/Work/MARS-V/code/manifold-persona/manifold/tps.py:92: RuntimeWarning: overflow encountered in matmul
  return Kq @ self._w + Pq @ self._poly
/Users/trinidad.borrell/Documents/Work/MARS-V/code/manifold-persona/manifold/tps.py:92: RuntimeWarning: invalid value encountered in matmul
  return Kq @ self._w + Pq @ self._poly
/Users/trinidad.borrell/Documents/Work/MARS-V/code/manifold-persona/manifold/tps.py:92: RuntimeWarning: divide by zero encountered in matmul
  return Kq @ self._w + Pq @ self._poly
/Users/trinidad.borrell/Documents/Work/MARS-V/code/manifold-persona/manifold/tps.py:92: RuntimeWarning: overflow encountered in matmul
  return Kq @ self._w + Pq @ self._poly
/Users/trinidad.borrell/Documents/Work/MARS-V/code/manifold-persona/manifold/tps.py:92: RuntimeWarning: invalid value encountered in matmul
  return Kq @ self._w + Pq @ self._poly
/Users/trinidad.borrell/Documents/Work/MARS-V/code/manifold-persona/manifold/tps.py:92: RuntimeWarning: divide by zero encountered in matmul
  return Kq @ self._w + Pq @ self._poly
/Users/trinidad.borrell/Documents/Work/MARS-V/code/manifold-persona/manifold/tps.py:92: RuntimeWarning: overflow encountered in matmul
  return Kq @ self._w + Pq @ self._poly
/Users/trinidad.borrell/Documents/Work/MARS-V/code/manifold-persona/manifold/tps.py:92: RuntimeWarning: invalid value encountered in matmul
  return Kq @ self._w + Pq @ self._poly
/Users/trinidad.borrell/Documents/Work/MARS-V/code/manifold-persona/manifold/tps.py:92: RuntimeWarning: divide by zero encountered in matmul
  return Kq @ self._w + Pq @ self._poly
/Users/trinidad.borrell/Documents/Work/MARS-V/code/manifold-persona/manifold/tps.py:92: RuntimeWarning: overflow encountered in matmul
  return Kq @ self._w + Pq @ self._poly
/Users/trinidad.borrell/Documents/Work/MARS-V/code/manifold-persona/manifold/tps.py:92: RuntimeWarning: invalid value encountered in matmul
  return Kq @ self._w + Pq @ self._poly
/Users/trinidad.borrell/Documents/Work/MARS-V/code/manifold-persona/manifold/tps.py:92: RuntimeWarning: divide by zero encountered in matmul
  return Kq @ self._w + Pq @ self._poly
/Users/trinidad.borrell/Documents/Work/MARS-V/code/manifold-persona/manifold/tps.py:92: RuntimeWarning: overflow encountered in matmul
  return Kq @ self._w + Pq @ self._poly
/Users/trinidad.borrell/Documents/Work/MARS-V/code/manifold-persona/manifold/tps.py:92: RuntimeWarning: invalid value encountered in matmul
  return Kq @ self._w + Pq @ self._poly
/Users/trinidad.borrell/Documents/Work/MARS-V/code/manifold-persona/manifold/tps.py:92: RuntimeWarning: divide by zero encountered in matmul
  return Kq @ self._w + Pq @ self._poly
/Users/trinidad.borrell/Documents/Work/MARS-V/code/manifold-persona/manifold/tps.py:92: RuntimeWarning: overflow encountered in matmul
  return Kq @ self._w + Pq @ self._poly
/Users/trinidad.borrell/Documents/Work/MARS-V/code/manifold-persona/manifold/tps.py:92: RuntimeWarning: invalid value encountered in matmul
  return Kq @ self._w + Pq @ self._poly
/Users/trinidad.borrell/Documents/Work/MARS-V/code/manifold-persona/manifold/tps.py:92: RuntimeWarning: divide by zero encountered in matmul
  return Kq @ self._w + Pq @ self._poly
/Users/trinidad.borrell/Documents/Work/MARS-V/code/manifold-persona/manifold/tps.py:92: RuntimeWarning: overflow encountered in matmul
  return Kq @ self._w + Pq @ self._poly
/Users/trinidad.borrell/Documents/Work/MARS-V/code/manifold-persona/manifold/tps.py:92: RuntimeWarning: invalid value encountered in matmul
  return Kq @ self._w + Pq @ self._poly
/Users/trinidad.borrell/Documents/Work/MARS-V/code/manifold-persona/manifold/tps.py:92: RuntimeWarning: divide by zero encountered in matmul
  return Kq @ self._w + Pq @ self._poly
/Users/trinidad.borrell/Documents/Work/MARS-V/code/manifold-persona/manifold/tps.py:92: RuntimeWarning: overflow encountered in matmul
  return Kq @ self._w + Pq @ self._poly
/Users/trinidad.borrell/Documents/Work/MARS-V/code/manifold-persona/manifold/tps.py:92: RuntimeWarning: invalid value encountered in matmul
  return Kq @ self._w + Pq @ self._poly
/Users/trinidad.borrell/Documents/Work/MARS-V/code/manifold-persona/manifold/tps.py:92: RuntimeWarning: divide by zero encountered in matmul
  return Kq @ self._w + Pq @ self._poly
/Users/trinidad.borrell/Documents/Work/MARS-V/code/manifold-persona/manifold/tps.py:92: RuntimeWarning: overflow encountered in matmul
  return Kq @ self._w + Pq @ self._poly
/Users/trinidad.borrell/Documents/Work/MARS-V/code/manifold-persona/manifold/tps.py:92: RuntimeWarning: invalid value encountered in matmul
  return Kq @ self._w + Pq @ self._poly
/Users/trinidad.borrell/Documents/Work/MARS-V/code/manifold-persona/manifold/tps.py:92: RuntimeWarning: divide by zero encountered in matmul
  return Kq @ self._w + Pq @ self._poly
/Users/trinidad.borrell/Documents/Work/MARS-V/code/manifold-persona/manifold/tps.py:92: RuntimeWarning: overflow encountered in matmul
  return Kq @ self._w + Pq @ self._poly
/Users/trinidad.borrell/Documents/Work/MARS-V/code/manifold-persona/manifold/tps.py:92: RuntimeWarning: invalid value encountered in matmul
  return Kq @ self._w + Pq @ self._poly
/Users/trinidad.borrell/Documents/Work/MARS-V/code/manifold-persona/manifold/tps.py:92: RuntimeWarning: divide by zero encountered in matmul
  return Kq @ self._w + Pq @ self._poly
/Users/trinidad.borrell/Documents/Work/MARS-V/code/manifold-persona/manifold/tps.py:92: RuntimeWarning: overflow encountered in matmul
  return Kq @ self._w + Pq @ self._poly
/Users/trinidad.borrell/Documents/Work/MARS-V/code/manifold-persona/manifold/tps.py:92: RuntimeWarning: invalid value encountered in matmul
  return Kq @ self._w + Pq @ self._poly
/Users/trinidad.borrell/Documents/Work/MARS-V/code/manifold-persona/manifold/tps.py:92: RuntimeWarning: divide by zero encountered in matmul
  return Kq @ self._w + Pq @ self._poly
/Users/trinidad.borrell/Documents/Work/MARS-V/code/manifold-persona/manifold/tps.py:92: RuntimeWarning: overflow encountered in matmul
  return Kq @ self._w + Pq @ self._poly
/Users/trinidad.borrell/Documents/Work/MARS-V/code/manifold-persona/manifold/tps.py:92: RuntimeWarning: invalid value encountered in matmul
  return Kq @ self._w + Pq @ self._poly
/Users/trinidad.borrell/Documents/Work/MARS-V/code/manifold-persona/manifold/tps.py:92: RuntimeWarning: divide by zero encountered in matmul
  return Kq @ self._w + Pq @ self._poly
/Users/trinidad.borrell/Documents/Work/MARS-V/code/manifold-persona/manifold/tps.py:92: RuntimeWarning: overflow encountered in matmul
  return Kq @ self._w + Pq @ self._poly
/Users/trinidad.borrell/Documents/Work/MARS-V/code/manifold-persona/manifold/tps.py:92: RuntimeWarning: invalid value encountered in matmul
  return Kq @ self._w + Pq @ self._poly
/Users/trinidad.borrell/Documents/Work/MARS-V/code/manifold-persona/manifold/tps.py:92: RuntimeWarning: divide by zero encountered in matmul
  return Kq @ self._w + Pq @ self._poly
/Users/trinidad.borrell/Documents/Work/MARS-V/code/manifold-persona/manifold/tps.py:92: RuntimeWarning: overflow encountered in matmul
  return Kq @ self._w + Pq @ self._poly
/Users/trinidad.borrell/Documents/Work/MARS-V/code/manifold-persona/manifold/tps.py:92: RuntimeWarning: invalid value encountered in matmul
  return Kq @ self._w + Pq @ self._poly
/Users/trinidad.borrell/Documents/Work/MARS-V/code/manifold-persona/manifold/tps.py:92: RuntimeWarning: divide by zero encountered in matmul
  return Kq @ self._w + Pq @ self._poly
/Users/trinidad.borrell/Documents/Work/MARS-V/code/manifold-persona/manifold/tps.py:92: RuntimeWarning: overflow encountered in matmul
  return Kq @ self._w + Pq @ self._poly
/Users/trinidad.borrell/Documents/Work/MARS-V/code/manifold-persona/manifold/tps.py:92: RuntimeWarning: invalid value encountered in matmul
  return Kq @ self._w + Pq @ self._poly
/Users/trinidad.borrell/Documents/Work/MARS-V/code/manifold-persona/manifold/tps.py:92: RuntimeWarning: divide by zero encountered in matmul
  return Kq @ self._w + Pq @ self._poly
/Users/trinidad.borrell/Documents/Work/MARS-V/code/manifold-persona/manifold/tps.py:92: RuntimeWarning: overflow encountered in matmul
  return Kq @ self._w + Pq @ self._poly
/Users/trinidad.borrell/Documents/Work/MARS-V/code/manifold-persona/manifold/tps.py:92: RuntimeWarning: invalid value encountered in matmul
  return Kq @ self._w + Pq @ self._poly
/Users/trinidad.borrell/Documents/Work/MARS-V/code/manifold-persona/manifold/tps.py:92: RuntimeWarning: divide by zero encountered in matmul
  return Kq @ self._w + Pq @ self._poly
/Users/trinidad.borrell/Documents/Work/MARS-V/code/manifold-persona/manifold/tps.py:92: RuntimeWarning: overflow encountered in matmul
  return Kq @ self._w + Pq @ self._poly
/Users/trinidad.borrell/Documents/Work/MARS-V/code/manifold-persona/manifold/tps.py:92: RuntimeWarning: invalid value encountered in matmul
  return Kq @ self._w + Pq @ self._poly
/Users/trinidad.borrell/Documents/Work/MARS-V/code/manifold-persona/manifold/tps.py:92: RuntimeWarning: divide by zero encountered in matmul
  return Kq @ self._w + Pq @ self._poly
/Users/trinidad.borrell/Documents/Work/MARS-V/code/manifold-persona/manifold/tps.py:92: RuntimeWarning: overflow encountered in matmul
  return Kq @ self._w + Pq @ self._poly
/Users/trinidad.borrell/Documents/Work/MARS-V/code/manifold-persona/manifold/tps.py:92: RuntimeWarning: invalid value encountered in matmul
  return Kq @ self._w + Pq @ self._poly
/Users/trinidad.borrell/Documents/Work/MARS-V/code/manifold-persona/manifold/tps.py:92: RuntimeWarning: divide by zero encountered in matmul
  return Kq @ self._w + Pq @ self._poly
/Users/trinidad.borrell/Documents/Work/MARS-V/code/manifold-persona/manifold/tps.py:92: RuntimeWarning: overflow encountered in matmul
  return Kq @ self._w + Pq @ self._poly
/Users/trinidad.borrell/Documents/Work/MARS-V/code/manifold-persona/manifold/tps.py:92: RuntimeWarning: invalid value encountered in matmul
  return Kq @ self._w + Pq @ self._poly
/Users/trinidad.borrell/Documents/Work/MARS-V/code/manifold-persona/manifold/tps.py:92: RuntimeWarning: divide by zero encountered in matmul
  return Kq @ self._w + Pq @ self._poly
/Users/trinidad.borrell/Documents/Work/MARS-V/code/manifold-persona/manifold/tps.py:92: RuntimeWarning: overflow encountered in matmul
  return Kq @ self._w + Pq @ self._poly
/Users/trinidad.borrell/Documents/Work/MARS-V/code/manifold-persona/manifold/tps.py:92: RuntimeWarning: invalid value encountered in matmul
  return Kq @ self._w + Pq @ self._poly
/Users/trinidad.borrell/Documents/Work/MARS-V/code/manifold-persona/manifold/tps.py:92: RuntimeWarning: divide by zero encountered in matmul
  return Kq @ self._w + Pq @ self._poly
/Users/trinidad.borrell/Documents/Work/MARS-V/code/manifold-persona/manifold/tps.py:92: RuntimeWarning: overflow encountered in matmul
  return Kq @ self._w + Pq @ self._poly
/Users/trinidad.borrell/Documents/Work/MARS-V/code/manifold-persona/manifold/tps.py:92: RuntimeWarning: invalid value encountered in matmul
  return Kq @ self._w + Pq @ self._poly
/Users/trinidad.borrell/Documents/Work/MARS-V/code/manifold-persona/manifold/tps.py:92: RuntimeWarning: divide by zero encountered in matmul
  return Kq @ self._w + Pq @ self._poly
/Users/trinidad.borrell/Documents/Work/MARS-V/code/manifold-persona/manifold/tps.py:92: RuntimeWarning: overflow encountered in matmul
  return Kq @ self._w + Pq @ self._poly
/Users/trinidad.borrell/Documents/Work/MARS-V/code/manifold-persona/manifold/tps.py:92: RuntimeWarning: invalid value encountered in matmul
  return Kq @ self._w + Pq @ self._poly
/Users/trinidad.borrell/Documents/Work/MARS-V/code/manifold-persona/manifold/tps.py:92: RuntimeWarning: divide by zero encountered in matmul
  return Kq @ self._w + Pq @ self._poly
/Users/trinidad.borrell/Documents/Work/MARS-V/code/manifold-persona/manifold/tps.py:92: RuntimeWarning: overflow encountered in matmul
  return Kq @ self._w + Pq @ self._poly
/Users/trinidad.borrell/Documents/Work/MARS-V/code/manifold-persona/manifold/tps.py:92: RuntimeWarning: invalid value encountered in matmul
  return Kq @ self._w + Pq @ self._poly
/Users/trinidad.borrell/Documents/Work/MARS-V/code/manifold-persona/manifold/tps.py:92: RuntimeWarning: divide by zero encountered in matmul
  return Kq @ self._w + Pq @ self._poly
/Users/trinidad.borrell/Documents/Work/MARS-V/code/manifold-persona/manifold/tps.py:92: RuntimeWarning: overflow encountered in matmul
  return Kq @ self._w + Pq @ self._poly
/Users/trinidad.borrell/Documents/Work/MARS-V/code/manifold-persona/manifold/tps.py:92: RuntimeWarning: invalid value encountered in matmul
  return Kq @ self._w + Pq @ self._poly
/Users/trinidad.borrell/Documents/Work/MARS-V/code/manifold-persona/manifold/tps.py:92: RuntimeWarning: divide by zero encountered in matmul
  return Kq @ self._w + Pq @ self._poly
/Users/trinidad.borrell/Documents/Work/MARS-V/code/manifold-persona/manifold/tps.py:92: RuntimeWarning: overflow encountered in matmul
  return Kq @ self._w + Pq @ self._poly
/Users/trinidad.borrell/Documents/Work/MARS-V/code/manifold-persona/manifold/tps.py:92: RuntimeWarning: invalid value encountered in matmul
  return Kq @ self._w + Pq @ self._poly
/Users/trinidad.borrell/Documents/Work/MARS-V/code/manifold-persona/manifold/tps.py:92: RuntimeWarning: divide by zero encountered in matmul
  return Kq @ self._w + Pq @ self._poly
/Users/trinidad.borrell/Documents/Work/MARS-V/code/manifold-persona/manifold/tps.py:92: RuntimeWarning: overflow encountered in matmul
  return Kq @ self._w + Pq @ self._poly
/Users/trinidad.borrell/Documents/Work/MARS-V/code/manifold-persona/manifold/tps.py:92: RuntimeWarning: invalid value encountered in matmul
  return Kq @ self._w + Pq @ self._poly
/Users/trinidad.borrell/Documents/Work/MARS-V/code/manifold-persona/manifold/tps.py:92: RuntimeWarning: divide by zero encountered in matmul
  return Kq @ self._w + Pq @ self._poly
/Users/trinidad.borrell/Documents/Work/MARS-V/code/manifold-persona/manifold/tps.py:92: RuntimeWarning: overflow encountered in matmul
  return Kq @ self._w + Pq @ self._poly
/Users/trinidad.borrell/Documents/Work/MARS-V/code/manifold-persona/manifold/tps.py:92: RuntimeWarning: invalid value encountered in matmul
  return Kq @ self._w + Pq @ self._poly
/Users/trinidad.borrell/Documents/Work/MARS-V/code/manifold-persona/manifold/tps.py:92: RuntimeWarning: divide by zero encountered in matmul
  return Kq @ self._w + Pq @ self._poly
/Users/trinidad.borrell/Documents/Work/MARS-V/code/manifold-persona/manifold/tps.py:92: RuntimeWarning: overflow encountered in matmul
  return Kq @ self._w + Pq @ self._poly
/Users/trinidad.borrell/Documents/Work/MARS-V/code/manifold-persona/manifold/tps.py:92: RuntimeWarning: invalid value encountered in matmul
  return Kq @ self._w + Pq @ self._poly
/Users/trinidad.borrell/Documents/Work/MARS-V/code/manifold-persona/manifold/tps.py:92: RuntimeWarning: divide by zero encountered in matmul
  return Kq @ self._w + Pq @ self._poly
/Users/trinidad.borrell/Documents/Work/MARS-V/code/manifold-persona/manifold/tps.py:92: RuntimeWarning: overflow encountered in matmul
  return Kq @ self._w + Pq @ self._poly
/Users/trinidad.borrell/Documents/Work/MARS-V/code/manifold-persona/manifold/tps.py:92: RuntimeWarning: invalid value encountered in matmul
  return Kq @ self._w + Pq @ self._poly
/Users/trinidad.borrell/Documents/Work/MARS-V/code/manifold-persona/manifold/tps.py:92: RuntimeWarning: divide by zero encountered in matmul
  return Kq @ self._w + Pq @ self._poly
/Users/trinidad.borrell/Documents/Work/MARS-V/code/manifold-persona/manifold/tps.py:92: RuntimeWarning: overflow encountered in matmul
  return Kq @ self._w + Pq @ self._poly
/Users/trinidad.borrell/Documents/Work/MARS-V/code/manifold-persona/manifold/tps.py:92: RuntimeWarning: invalid value encountered in matmul
  return Kq @ self._w + Pq @ self._poly
/Users/trinidad.borrell/Documents/Work/MARS-V/code/manifold-persona/manifold/tps.py:92: RuntimeWarning: divide by zero encountered in matmul
  return Kq @ self._w + Pq @ self._poly
/Users/trinidad.borrell/Documents/Work/MARS-V/code/manifold-persona/manifold/tps.py:92: RuntimeWarning: overflow encountered in matmul
  return Kq @ self._w + Pq @ self._poly
/Users/trinidad.borrell/Documents/Work/MARS-V/code/manifold-persona/manifold/tps.py:92: RuntimeWarning: invalid value encountered in matmul
  return Kq @ self._w + Pq @ self._poly
/Users/trinidad.borrell/Documents/Work/MARS-V/code/manifold-persona/manifold/tps.py:92: RuntimeWarning: divide by zero encountered in matmul
  return Kq @ self._w + Pq @ self._poly
/Users/trinidad.borrell/Documents/Work/MARS-V/code/manifold-persona/manifold/tps.py:92: RuntimeWarning: overflow encountered in matmul
  return Kq @ self._w + Pq @ self._poly
/Users/trinidad.borrell/Documents/Work/MARS-V/code/manifold-persona/manifold/tps.py:92: RuntimeWarning: invalid value encountered in matmul
  return Kq @ self._w + Pq @ self._poly
/Users/trinidad.borrell/Documents/Work/MARS-V/code/manifold-persona/manifold/tps.py:92: RuntimeWarning: divide by zero encountered in matmul
  return Kq @ self._w + Pq @ self._poly
/Users/trinidad.borrell/Documents/Work/MARS-V/code/manifold-persona/manifold/tps.py:92: RuntimeWarning: overflow encountered in matmul
  return Kq @ self._w + Pq @ self._poly
/Users/trinidad.borrell/Documents/Work/MARS-V/code/manifold-persona/manifold/tps.py:92: RuntimeWarning: invalid value encountered in matmul
  return Kq @ self._w + Pq @ self._poly
/Users/trinidad.borrell/Documents/Work/MARS-V/code/manifold-persona/manifold/tps.py:92: RuntimeWarning: divide by zero encountered in matmul
  return Kq @ self._w + Pq @ self._poly
/Users/trinidad.borrell/Documents/Work/MARS-V/code/manifold-persona/manifold/tps.py:92: RuntimeWarning: overflow encountered in matmul
  return Kq @ self._w + Pq @ self._poly
/Users/trinidad.borrell/Documents/Work/MARS-V/code/manifold-persona/manifold/tps.py:92: RuntimeWarning: invalid value encountered in matmul
  return Kq @ self._w + Pq @ self._poly
/Users/trinidad.borrell/Documents/Work/MARS-V/code/manifold-persona/manifold/tps.py:92: RuntimeWarning: divide by zero encountered in matmul
  return Kq @ self._w + Pq @ self._poly
/Users/trinidad.borrell/Documents/Work/MARS-V/code/manifold-persona/manifold/tps.py:92: RuntimeWarning: overflow encountered in matmul
  return Kq @ self._w + Pq @ self._poly
/Users/trinidad.borrell/Documents/Work/MARS-V/code/manifold-persona/manifold/tps.py:92: RuntimeWarning: invalid value encountered in matmul
  return Kq @ self._w + Pq @ self._poly
/Users/trinidad.borrell/Documents/Work/MARS-V/code/manifold-persona/manifold/tps.py:92: RuntimeWarning: divide by zero encountered in matmul
  return Kq @ self._w + Pq @ self._poly
/Users/trinidad.borrell/Documents/Work/MARS-V/code/manifold-persona/manifold/tps.py:92: RuntimeWarning: overflow encountered in matmul
  return Kq @ self._w + Pq @ self._poly
/Users/trinidad.borrell/Documents/Work/MARS-V/code/manifold-persona/manifold/tps.py:92: RuntimeWarning: invalid value encountered in matmul
  return Kq @ self._w + Pq @ self._poly
/Users/trinidad.borrell/Documents/Work/MARS-V/code/manifold-persona/manifold/tps.py:92: RuntimeWarning: divide by zero encountered in matmul
  return Kq @ self._w + Pq @ self._poly
/Users/trinidad.borrell/Documents/Work/MARS-V/code/manifold-persona/manifold/tps.py:92: RuntimeWarning: overflow encountered in matmul
  return Kq @ self._w + Pq @ self._poly
/Users/trinidad.borrell/Documents/Work/MARS-V/code/manifold-persona/manifold/tps.py:92: RuntimeWarning: invalid value encountered in matmul
  return Kq @ self._w + Pq @ self._poly
/Users/trinidad.borrell/Documents/Work/MARS-V/code/manifold-persona/manifold/tps.py:92: RuntimeWarning: divide by zero encountered in matmul
  return Kq @ self._w + Pq @ self._poly
/Users/trinidad.borrell/Documents/Work/MARS-V/code/manifold-persona/manifold/tps.py:92: RuntimeWarning: overflow encountered in matmul
  return Kq @ self._w + Pq @ self._poly
/Users/trinidad.borrell/Documents/Work/MARS-V/code/manifold-persona/manifold/tps.py:92: RuntimeWarning: invalid value encountered in matmul
  return Kq @ self._w + Pq @ self._poly
/Users/trinidad.borrell/Documents/Work/MARS-V/code/manifold-persona/manifold/tps.py:92: RuntimeWarning: divide by zero encountered in matmul
  return Kq @ self._w + Pq @ self._poly
/Users/trinidad.borrell/Documents/Work/MARS-V/code/manifold-persona/manifold/tps.py:92: RuntimeWarning: overflow encountered in matmul
  return Kq @ self._w + Pq @ self._poly
/Users/trinidad.borrell/Documents/Work/MARS-V/code/manifold-persona/manifold/tps.py:92: RuntimeWarning: invalid value encountered in matmul
  return Kq @ self._w + Pq @ self._poly
/Users/trinidad.borrell/Documents/Work/MARS-V/code/manifold-persona/manifold/tps.py:92: RuntimeWarning: divide by zero encountered in matmul
  return Kq @ self._w + Pq @ self._poly
/Users/trinidad.borrell/Documents/Work/MARS-V/code/manifold-persona/manifold/tps.py:92: RuntimeWarning: overflow encountered in matmul
  return Kq @ self._w + Pq @ self._poly
/Users/trinidad.borrell/Documents/Work/MARS-V/code/manifold-persona/manifold/tps.py:92: RuntimeWarning: invalid value encountered in matmul
  return Kq @ self._w + Pq @ self._poly
/Users/trinidad.borrell/Documents/Work/MARS-V/code/manifold-persona/manifold/tps.py:92: RuntimeWarning: divide by zero encountered in matmul
  return Kq @ self._w + Pq @ self._poly
/Users/trinidad.borrell/Documents/Work/MARS-V/code/manifold-persona/manifold/tps.py:92: RuntimeWarning: overflow encountered in matmul
  return Kq @ self._w + Pq @ self._poly
/Users/trinidad.borrell/Documents/Work/MARS-V/code/manifold-persona/manifold/tps.py:92: RuntimeWarning: invalid value encountered in matmul
  return Kq @ self._w + Pq @ self._poly
/Users/trinidad.borrell/Documents/Work/MARS-V/code/manifold-persona/manifold/tps.py:92: RuntimeWarning: divide by zero encountered in matmul
  return Kq @ self._w + Pq @ self._poly
/Users/trinidad.borrell/Documents/Work/MARS-V/code/manifold-persona/manifold/tps.py:92: RuntimeWarning: overflow encountered in matmul
  return Kq @ self._w + Pq @ self._poly
/Users/trinidad.borrell/Documents/Work/MARS-V/code/manifold-persona/manifold/tps.py:92: RuntimeWarning: invalid value encountered in matmul
  return Kq @ self._w + Pq @ self._poly
/Users/trinidad.borrell/Documents/Work/MARS-V/code/manifold-persona/manifold/tps.py:92: RuntimeWarning: divide by zero encountered in matmul
  return Kq @ self._w + Pq @ self._poly
/Users/trinidad.borrell/Documents/Work/MARS-V/code/manifold-persona/manifold/tps.py:92: RuntimeWarning: overflow encountered in matmul
  return Kq @ self._w + Pq @ self._poly
/Users/trinidad.borrell/Documents/Work/MARS-V/code/manifold-persona/manifold/tps.py:92: RuntimeWarning: invalid value encountered in matmul
  return Kq @ self._w + Pq @ self._poly
/Users/trinidad.borrell/Documents/Work/MARS-V/code/manifold-persona/manifold/tps.py:92: RuntimeWarning: divide by zero encountered in matmul
  return Kq @ self._w + Pq @ self._poly
/Users/trinidad.borrell/Documents/Work/MARS-V/code/manifold-persona/manifold/tps.py:92: RuntimeWarning: overflow encountered in matmul
  return Kq @ self._w + Pq @ self._poly
/Users/trinidad.borrell/Documents/Work/MARS-V/code/manifold-persona/manifold/tps.py:92: RuntimeWarning: invalid value encountered in matmul
  return Kq @ self._w + Pq @ self._poly
/Users/trinidad.borrell/Documents/Work/MARS-V/code/manifold-persona/manifold/tps.py:92: RuntimeWarning: divide by zero encountered in matmul
  return Kq @ self._w + Pq @ self._poly
/Users/trinidad.borrell/Documents/Work/MARS-V/code/manifold-persona/manifold/tps.py:92: RuntimeWarning: overflow encountered in matmul
  return Kq @ self._w + Pq @ self._poly
/Users/trinidad.borrell/Documents/Work/MARS-V/code/manifold-persona/manifold/tps.py:92: RuntimeWarning: invalid value encountered in matmul
  return Kq @ self._w + Pq @ self._poly
/Users/trinidad.borrell/Documents/Work/MARS-V/code/manifold-persona/manifold/tps.py:92: RuntimeWarning: divide by zero encountered in matmul
  return Kq @ self._w + Pq @ self._poly
/Users/trinidad.borrell/Documents/Work/MARS-V/code/manifold-persona/manifold/tps.py:92: RuntimeWarning: overflow encountered in matmul
  return Kq @ self._w + Pq @ self._poly
/Users/trinidad.borrell/Documents/Work/MARS-V/code/manifold-persona/manifold/tps.py:92: RuntimeWarning: invalid value encountered in matmul
  return Kq @ self._w + Pq @ self._poly
/Users/trinidad.borrell/Documents/Work/MARS-V/code/manifold-persona/manifold/tps.py:92: RuntimeWarning: divide by zero encountered in matmul
  return Kq @ self._w + Pq @ self._poly
/Users/trinidad.borrell/Documents/Work/MARS-V/code/manifold-persona/manifold/tps.py:92: RuntimeWarning: overflow encountered in matmul
  return Kq @ self._w + Pq @ self._poly
/Users/trinidad.borrell/Documents/Work/MARS-V/code/manifold-persona/manifold/tps.py:92: RuntimeWarning: invalid value encountered in matmul
  return Kq @ self._w + Pq @ self._poly
/Users/trinidad.borrell/Documents/Work/MARS-V/code/manifold-persona/manifold/tps.py:92: RuntimeWarning: divide by zero encountered in matmul
  return Kq @ self._w + Pq @ self._poly
/Users/trinidad.borrell/Documents/Work/MARS-V/code/manifold-persona/manifold/tps.py:92: RuntimeWarning: overflow encountered in matmul
  return Kq @ self._w + Pq @ self._poly
/Users/trinidad.borrell/Documents/Work/MARS-V/code/manifold-persona/manifold/tps.py:92: RuntimeWarning: invalid value encountered in matmul
  return Kq @ self._w + Pq @ self._poly
/Users/trinidad.borrell/Documents/Work/MARS-V/code/manifold-persona/manifold/tps.py:92: RuntimeWarning: divide by zero encountered in matmul
  return Kq @ self._w + Pq @ self._poly
/Users/trinidad.borrell/Documents/Work/MARS-V/code/manifold-persona/manifold/tps.py:92: RuntimeWarning: overflow encountered in matmul
  return Kq @ self._w + Pq @ self._poly
/Users/trinidad.borrell/Documents/Work/MARS-V/code/manifold-persona/manifold/tps.py:92: RuntimeWarning: invalid value encountered in matmul
  return Kq @ self._w + Pq @ self._poly
/Users/trinidad.borrell/Documents/Work/MARS-V/code/manifold-persona/manifold/tps.py:92: RuntimeWarning: divide by zero encountered in matmul
  return Kq @ self._w + Pq @ self._poly
/Users/trinidad.borrell/Documents/Work/MARS-V/code/manifold-persona/manifold/tps.py:92: RuntimeWarning: overflow encountered in matmul
  return Kq @ self._w + Pq @ self._poly
/Users/trinidad.borrell/Documents/Work/MARS-V/code/manifold-persona/manifold/tps.py:92: RuntimeWarning: invalid value encountered in matmul
  return Kq @ self._w + Pq @ self._poly
/Users/trinidad.borrell/Documents/Work/MARS-V/code/manifold-persona/manifold/tps.py:92: RuntimeWarning: divide by zero encountered in matmul
  return Kq @ self._w + Pq @ self._poly
/Users/trinidad.borrell/Documents/Work/MARS-V/code/manifold-persona/manifold/tps.py:92: RuntimeWarning: overflow encountered in matmul
  return Kq @ self._w + Pq @ self._poly
/Users/trinidad.borrell/Documents/Work/MARS-V/code/manifold-persona/manifold/tps.py:92: RuntimeWarning: invalid value encountered in matmul
  return Kq @ self._w + Pq @ self._poly
/Users/trinidad.borrell/Documents/Work/MARS-V/code/manifold-persona/manifold/tps.py:92: RuntimeWarning: divide by zero encountered in matmul
  return Kq @ self._w + Pq @ self._poly
/Users/trinidad.borrell/Documents/Work/MARS-V/code/manifold-persona/manifold/tps.py:92: RuntimeWarning: overflow encountered in matmul
  return Kq @ self._w + Pq @ self._poly
/Users/trinidad.borrell/Documents/Work/MARS-V/code/manifold-persona/manifold/tps.py:92: RuntimeWarning: invalid value encountered in matmul
  return Kq @ self._w + Pq @ self._poly
/Users/trinidad.borrell/Documents/Work/MARS-V/code/manifold-persona/manifold/tps.py:92: RuntimeWarning: divide by zero encountered in matmul
  return Kq @ self._w + Pq @ self._poly
/Users/trinidad.borrell/Documents/Work/MARS-V/code/manifold-persona/manifold/tps.py:92: RuntimeWarning: overflow encountered in matmul
  return Kq @ self._w + Pq @ self._poly
/Users/trinidad.borrell/Documents/Work/MARS-V/code/manifold-persona/manifold/tps.py:92: RuntimeWarning: invalid value encountered in matmul
  return Kq @ self._w + Pq @ self._poly
/Users/trinidad.borrell/Documents/Work/MARS-V/code/manifold-persona/manifold/tps.py:92: RuntimeWarning: divide by zero encountered in matmul
  return Kq @ self._w + Pq @ self._poly
/Users/trinidad.borrell/Documents/Work/MARS-V/code/manifold-persona/manifold/tps.py:92: RuntimeWarning: overflow encountered in matmul
  return Kq @ self._w + Pq @ self._poly
/Users/trinidad.borrell/Documents/Work/MARS-V/code/manifold-persona/manifold/tps.py:92: RuntimeWarning: invalid value encountered in matmul
  return Kq @ self._w + Pq @ self._poly
/Users/trinidad.borrell/Documents/Work/MARS-V/code/manifold-persona/manifold/tps.py:92: RuntimeWarning: divide by zero encountered in matmul
  return Kq @ self._w + Pq @ self._poly
/Users/trinidad.borrell/Documents/Work/MARS-V/code/manifold-persona/manifold/tps.py:92: RuntimeWarning: overflow encountered in matmul
  return Kq @ self._w + Pq @ self._poly
/Users/trinidad.borrell/Documents/Work/MARS-V/code/manifold-persona/manifold/tps.py:92: RuntimeWarning: invalid value encountered in matmul
  return Kq @ self._w + Pq @ self._poly
/Users/trinidad.borrell/Documents/Work/MARS-V/code/manifold-persona/manifold/tps.py:92: RuntimeWarning: divide by zero encountered in matmul
  return Kq @ self._w + Pq @ self._poly
/Users/trinidad.borrell/Documents/Work/MARS-V/code/manifold-persona/manifold/tps.py:92: RuntimeWarning: overflow encountered in matmul
  return Kq @ self._w + Pq @ self._poly
/Users/trinidad.borrell/Documents/Work/MARS-V/code/manifold-persona/manifold/tps.py:92: RuntimeWarning: invalid value encountered in matmul
  return Kq @ self._w + Pq @ self._poly
/Users/trinidad.borrell/Documents/Work/MARS-V/code/manifold-persona/manifold/tps.py:92: RuntimeWarning: divide by zero encountered in matmul
  return Kq @ self._w + Pq @ self._poly
/Users/trinidad.borrell/Documents/Work/MARS-V/code/manifold-persona/manifold/tps.py:92: RuntimeWarning: overflow encountered in matmul
  return Kq @ self._w + Pq @ self._poly
/Users/trinidad.borrell/Documents/Work/MARS-V/code/manifold-persona/manifold/tps.py:92: RuntimeWarning: invalid value encountered in matmul
  return Kq @ self._w + Pq @ self._poly
/Users/trinidad.borrell/Documents/Work/MARS-V/code/manifold-persona/manifold/tps.py:92: RuntimeWarning: divide by zero encountered in matmul
  return Kq @ self._w + Pq @ self._poly
/Users/trinidad.borrell/Documents/Work/MARS-V/code/manifold-persona/manifold/tps.py:92: RuntimeWarning: overflow encountered in matmul
  return Kq @ self._w + Pq @ self._poly
/Users/trinidad.borrell/Documents/Work/MARS-V/code/manifold-persona/manifold/tps.py:92: RuntimeWarning: invalid value encountered in matmul
  return Kq @ self._w + Pq @ self._poly
/Users/trinidad.borrell/Documents/Work/MARS-V/code/manifold-persona/manifold/tps.py:92: RuntimeWarning: divide by zero encountered in matmul
  return Kq @ self._w + Pq @ self._poly
/Users/trinidad.borrell/Documents/Work/MARS-V/code/manifold-persona/manifold/tps.py:92: RuntimeWarning: overflow encountered in matmul
  return Kq @ self._w + Pq @ self._poly
/Users/trinidad.borrell/Documents/Work/MARS-V/code/manifold-persona/manifold/tps.py:92: RuntimeWarning: invalid value encountered in matmul
  return Kq @ self._w + Pq @ self._poly
/Users/trinidad.borrell/Documents/Work/MARS-V/code/manifold-persona/manifold/tps.py:92: RuntimeWarning: divide by zero encountered in matmul
  return Kq @ self._w + Pq @ self._poly
/Users/trinidad.borrell/Documents/Work/MARS-V/code/manifold-persona/manifold/tps.py:92: RuntimeWarning: overflow encountered in matmul
  return Kq @ self._w + Pq @ self._poly
/Users/trinidad.borrell/Documents/Work/MARS-V/code/manifold-persona/manifold/tps.py:92: RuntimeWarning: invalid value encountered in matmul
  return Kq @ self._w + Pq @ self._poly
/Users/trinidad.borrell/Documents/Work/MARS-V/code/manifold-persona/manifold/tps.py:92: RuntimeWarning: divide by zero encountered in matmul
  return Kq @ self._w + Pq @ self._poly
/Users/trinidad.borrell/Documents/Work/MARS-V/code/manifold-persona/manifold/tps.py:92: RuntimeWarning: overflow encountered in matmul
  return Kq @ self._w + Pq @ self._poly
/Users/trinidad.borrell/Documents/Work/MARS-V/code/manifold-persona/manifold/tps.py:92: RuntimeWarning: invalid value encountered in matmul
  return Kq @ self._w + Pq @ self._poly
/Users/trinidad.borrell/Documents/Work/MARS-V/code/manifold-persona/manifold/tps.py:92: RuntimeWarning: divide by zero encountered in matmul
  return Kq @ self._w + Pq @ self._poly
/Users/trinidad.borrell/Documents/Work/MARS-V/code/manifold-persona/manifold/tps.py:92: RuntimeWarning: overflow encountered in matmul
  return Kq @ self._w + Pq @ self._poly
/Users/trinidad.borrell/Documents/Work/MARS-V/code/manifold-persona/manifold/tps.py:92: RuntimeWarning: invalid value encountered in matmul
  return Kq @ self._w + Pq @ self._poly
/Users/trinidad.borrell/Documents/Work/MARS-V/code/manifold-persona/manifold/tps.py:92: RuntimeWarning: divide by zero encountered in matmul
  return Kq @ self._w + Pq @ self._poly
/Users/trinidad.borrell/Documents/Work/MARS-V/code/manifold-persona/manifold/tps.py:92: RuntimeWarning: overflow encountered in matmul
  return Kq @ self._w + Pq @ self._poly
/Users/trinidad.borrell/Documents/Work/MARS-V/code/manifold-persona/manifold/tps.py:92: RuntimeWarning: invalid value encountered in matmul
  return Kq @ self._w + Pq @ self._poly
/Users/trinidad.borrell/Documents/Work/MARS-V/code/manifold-persona/manifold/tps.py:92: RuntimeWarning: divide by zero encountered in matmul
  return Kq @ self._w + Pq @ self._poly
/Users/trinidad.borrell/Documents/Work/MARS-V/code/manifold-persona/manifold/tps.py:92: RuntimeWarning: overflow encountered in matmul
  return Kq @ self._w + Pq @ self._poly
/Users/trinidad.borrell/Documents/Work/MARS-V/code/manifold-persona/manifold/tps.py:92: RuntimeWarning: invalid value encountered in matmul
  return Kq @ self._w + Pq @ self._poly
/Users/trinidad.borrell/Documents/Work/MARS-V/code/manifold-persona/manifold/tps.py:92: RuntimeWarning: divide by zero encountered in matmul
  return Kq @ self._w + Pq @ self._poly
/Users/trinidad.borrell/Documents/Work/MARS-V/code/manifold-persona/manifold/tps.py:92: RuntimeWarning: overflow encountered in matmul
  return Kq @ self._w + Pq @ self._poly
/Users/trinidad.borrell/Documents/Work/MARS-V/code/manifold-persona/manifold/tps.py:92: RuntimeWarning: invalid value encountered in matmul
  return Kq @ self._w + Pq @ self._poly
/Users/trinidad.borrell/Documents/Work/MARS-V/code/manifold-persona/manifold/tps.py:92: RuntimeWarning: divide by zero encountered in matmul
  return Kq @ self._w + Pq @ self._poly
/Users/trinidad.borrell/Documents/Work/MARS-V/code/manifold-persona/manifold/tps.py:92: RuntimeWarning: overflow encountered in matmul
  return Kq @ self._w + Pq @ self._poly
/Users/trinidad.borrell/Documents/Work/MARS-V/code/manifold-persona/manifold/tps.py:92: RuntimeWarning: invalid value encountered in matmul
  return Kq @ self._w + Pq @ self._poly
/Users/trinidad.borrell/Documents/Work/MARS-V/code/manifold-persona/manifold/tps.py:92: RuntimeWarning: divide by zero encountered in matmul
  return Kq @ self._w + Pq @ self._poly
/Users/trinidad.borrell/Documents/Work/MARS-V/code/manifold-persona/manifold/tps.py:92: RuntimeWarning: overflow encountered in matmul
  return Kq @ self._w + Pq @ self._poly
/Users/trinidad.borrell/Documents/Work/MARS-V/code/manifold-persona/manifold/tps.py:92: RuntimeWarning: invalid value encountered in matmul
  return Kq @ self._w + Pq @ self._poly
/Users/trinidad.borrell/Documents/Work/MARS-V/code/manifold-persona/manifold/tps.py:92: RuntimeWarning: divide by zero encountered in matmul
  return Kq @ self._w + Pq @ self._poly
/Users/trinidad.borrell/Documents/Work/MARS-V/code/manifold-persona/manifold/tps.py:92: RuntimeWarning: overflow encountered in matmul
  return Kq @ self._w + Pq @ self._poly
/Users/trinidad.borrell/Documents/Work/MARS-V/code/manifold-persona/manifold/tps.py:92: RuntimeWarning: invalid value encountered in matmul
  return Kq @ self._w + Pq @ self._poly
/Users/trinidad.borrell/Documents/Work/MARS-V/code/manifold-persona/manifold/tps.py:92: RuntimeWarning: divide by zero encountered in matmul
  return Kq @ self._w + Pq @ self._poly
/Users/trinidad.borrell/Documents/Work/MARS-V/code/manifold-persona/manifold/tps.py:92: RuntimeWarning: overflow encountered in matmul
  return Kq @ self._w + Pq @ self._poly
/Users/trinidad.borrell/Documents/Work/MARS-V/code/manifold-persona/manifold/tps.py:92: RuntimeWarning: invalid value encountered in matmul
  return Kq @ self._w + Pq @ self._poly
/Users/trinidad.borrell/Documents/Work/MARS-V/code/manifold-persona/manifold/tps.py:92: RuntimeWarning: divide by zero encountered in matmul
  return Kq @ self._w + Pq @ self._poly
/Users/trinidad.borrell/Documents/Work/MARS-V/code/manifold-persona/manifold/tps.py:92: RuntimeWarning: overflow encountered in matmul
  return Kq @ self._w + Pq @ self._poly
/Users/trinidad.borrell/Documents/Work/MARS-V/code/manifold-persona/manifold/tps.py:92: RuntimeWarning: invalid value encountered in matmul
  return Kq @ self._w + Pq @ self._poly
/Users/trinidad.borrell/Documents/Work/MARS-V/code/manifold-persona/manifold/tps.py:92: RuntimeWarning: divide by zero encountered in matmul
  return Kq @ self._w + Pq @ self._poly
/Users/trinidad.borrell/Documents/Work/MARS-V/code/manifold-persona/manifold/tps.py:92: RuntimeWarning: overflow encountered in matmul
  return Kq @ self._w + Pq @ self._poly
/Users/trinidad.borrell/Documents/Work/MARS-V/code/manifold-persona/manifold/tps.py:92: RuntimeWarning: invalid value encountered in matmul
  return Kq @ self._w + Pq @ self._poly
/Users/trinidad.borrell/Documents/Work/MARS-V/code/manifold-persona/manifold/tps.py:92: RuntimeWarning: divide by zero encountered in matmul
  return Kq @ self._w + Pq @ self._poly
/Users/trinidad.borrell/Documents/Work/MARS-V/code/manifold-persona/manifold/tps.py:92: RuntimeWarning: overflow encountered in matmul
  return Kq @ self._w + Pq @ self._poly
/Users/trinidad.borrell/Documents/Work/MARS-V/code/manifold-persona/manifold/tps.py:92: RuntimeWarning: invalid value encountered in matmul
  return Kq @ self._w + Pq @ self._poly
/Users/trinidad.borrell/Documents/Work/MARS-V/code/manifold-persona/manifold/tps.py:92: RuntimeWarning: divide by zero encountered in matmul
  return Kq @ self._w + Pq @ self._poly
/Users/trinidad.borrell/Documents/Work/MARS-V/code/manifold-persona/manifold/tps.py:92: RuntimeWarning: overflow encountered in matmul
  return Kq @ self._w + Pq @ self._poly
/Users/trinidad.borrell/Documents/Work/MARS-V/code/manifold-persona/manifold/tps.py:92: RuntimeWarning: invalid value encountered in matmul
  return Kq @ self._w + Pq @ self._poly
/Users/trinidad.borrell/Documents/Work/MARS-V/code/manifold-persona/manifold/tps.py:92: RuntimeWarning: divide by zero encountered in matmul
  return Kq @ self._w + Pq @ self._poly
/Users/trinidad.borrell/Documents/Work/MARS-V/code/manifold-persona/manifold/tps.py:92: RuntimeWarning: overflow encountered in matmul
  return Kq @ self._w + Pq @ self._poly
/Users/trinidad.borrell/Documents/Work/MARS-V/code/manifold-persona/manifold/tps.py:92: RuntimeWarning: invalid value encountered in matmul
  return Kq @ self._w + Pq @ self._poly
/Users/trinidad.borrell/Documents/Work/MARS-V/code/manifold-persona/manifold/tps.py:92: RuntimeWarning: divide by zero encountered in matmul
  return Kq @ self._w + Pq @ self._poly
/Users/trinidad.borrell/Documents/Work/MARS-V/code/manifold-persona/manifold/tps.py:92: RuntimeWarning: overflow encountered in matmul
  return Kq @ self._w + Pq @ self._poly
/Users/trinidad.borrell/Documents/Work/MARS-V/code/manifold-persona/manifold/tps.py:92: RuntimeWarning: invalid value encountered in matmul
  return Kq @ self._w + Pq @ self._poly
/Users/trinidad.borrell/Documents/Work/MARS-V/code/manifold-persona/manifold/tps.py:92: RuntimeWarning: divide by zero encountered in matmul
  return Kq @ self._w + Pq @ self._poly
/Users/trinidad.borrell/Documents/Work/MARS-V/code/manifold-persona/manifold/tps.py:92: RuntimeWarning: overflow encountered in matmul
  return Kq @ self._w + Pq @ self._poly
/Users/trinidad.borrell/Documents/Work/MARS-V/code/manifold-persona/manifold/tps.py:92: RuntimeWarning: invalid value encountered in matmul
  return Kq @ self._w + Pq @ self._poly
/Users/trinidad.borrell/Documents/Work/MARS-V/code/manifold-persona/manifold/tps.py:92: RuntimeWarning: divide by zero encountered in matmul
  return Kq @ self._w + Pq @ self._poly
/Users/trinidad.borrell/Documents/Work/MARS-V/code/manifold-persona/manifold/tps.py:92: RuntimeWarning: overflow encountered in matmul
  return Kq @ self._w + Pq @ self._poly
/Users/trinidad.borrell/Documents/Work/MARS-V/code/manifold-persona/manifold/tps.py:92: RuntimeWarning: invalid value encountered in matmul
  return Kq @ self._w + Pq @ self._poly
/Users/trinidad.borrell/Documents/Work/MARS-V/code/manifold-persona/manifold/tps.py:92: RuntimeWarning: divide by zero encountered in matmul
  return Kq @ self._w + Pq @ self._poly
/Users/trinidad.borrell/Documents/Work/MARS-V/code/manifold-persona/manifold/tps.py:92: RuntimeWarning: overflow encountered in matmul
  return Kq @ self._w + Pq @ self._poly
/Users/trinidad.borrell/Documents/Work/MARS-V/code/manifold-persona/manifold/tps.py:92: RuntimeWarning: invalid value encountered in matmul
  return Kq @ self._w + Pq @ self._poly
/Users/trinidad.borrell/Documents/Work/MARS-V/code/manifold-persona/manifold/tps.py:92: RuntimeWarning: divide by zero encountered in matmul
  return Kq @ self._w + Pq @ self._poly
/Users/trinidad.borrell/Documents/Work/MARS-V/code/manifold-persona/manifold/tps.py:92: RuntimeWarning: overflow encountered in matmul
  return Kq @ self._w + Pq @ self._poly
/Users/trinidad.borrell/Documents/Work/MARS-V/code/manifold-persona/manifold/tps.py:92: RuntimeWarning: invalid value encountered in matmul
  return Kq @ self._w + Pq @ self._poly
/Users/trinidad.borrell/Documents/Work/MARS-V/code/manifold-persona/manifold/tps.py:92: RuntimeWarning: divide by zero encountered in matmul
  return Kq @ self._w + Pq @ self._poly
/Users/trinidad.borrell/Documents/Work/MARS-V/code/manifold-persona/manifold/tps.py:92: RuntimeWarning: overflow encountered in matmul
  return Kq @ self._w + Pq @ self._poly
/Users/trinidad.borrell/Documents/Work/MARS-V/code/manifold-persona/manifold/tps.py:92: RuntimeWarning: invalid value encountered in matmul
  return Kq @ self._w + Pq @ self._poly
/Users/trinidad.borrell/Documents/Work/MARS-V/code/manifold-persona/manifold/tps.py:92: RuntimeWarning: divide by zero encountered in matmul
  return Kq @ self._w + Pq @ self._poly
/Users/trinidad.borrell/Documents/Work/MARS-V/code/manifold-persona/manifold/tps.py:92: RuntimeWarning: overflow encountered in matmul
  return Kq @ self._w + Pq @ self._poly
/Users/trinidad.borrell/Documents/Work/MARS-V/code/manifold-persona/manifold/tps.py:92: RuntimeWarning: invalid value encountered in matmul
  return Kq @ self._w + Pq @ self._poly
/Users/trinidad.borrell/Documents/Work/MARS-V/code/manifold-persona/manifold/tps.py:92: RuntimeWarning: divide by zero encountered in matmul
  return Kq @ self._w + Pq @ self._poly
/Users/trinidad.borrell/Documents/Work/MARS-V/code/manifold-persona/manifold/tps.py:92: RuntimeWarning: overflow encountered in matmul
  return Kq @ self._w + Pq @ self._poly
/Users/trinidad.borrell/Documents/Work/MARS-V/code/manifold-persona/manifold/tps.py:92: RuntimeWarning: invalid value encountered in matmul
  return Kq @ self._w + Pq @ self._poly
/Users/trinidad.borrell/Documents/Work/MARS-V/code/manifold-persona/manifold/tps.py:92: RuntimeWarning: divide by zero encountered in matmul
  return Kq @ self._w + Pq @ self._poly
/Users/trinidad.borrell/Documents/Work/MARS-V/code/manifold-persona/manifold/tps.py:92: RuntimeWarning: overflow encountered in matmul
  return Kq @ self._w + Pq @ self._poly
/Users/trinidad.borrell/Documents/Work/MARS-V/code/manifold-persona/manifold/tps.py:92: RuntimeWarning: invalid value encountered in matmul
  return Kq @ self._w + Pq @ self._poly
/Users/trinidad.borrell/Documents/Work/MARS-V/code/manifold-persona/manifold/tps.py:92: RuntimeWarning: divide by zero encountered in matmul
  return Kq @ self._w + Pq @ self._poly
/Users/trinidad.borrell/Documents/Work/MARS-V/code/manifold-persona/manifold/tps.py:92: RuntimeWarning: overflow encountered in matmul
  return Kq @ self._w + Pq @ self._poly
/Users/trinidad.borrell/Documents/Work/MARS-V/code/manifold-persona/manifold/tps.py:92: RuntimeWarning: invalid value encountered in matmul
  return Kq @ self._w + Pq @ self._poly
/Users/trinidad.borrell/Documents/Work/MARS-V/code/manifold-persona/manifold/tps.py:92: RuntimeWarning: divide by zero encountered in matmul
  return Kq @ self._w + Pq @ self._poly
/Users/trinidad.borrell/Documents/Work/MARS-V/code/manifold-persona/manifold/tps.py:92: RuntimeWarning: overflow encountered in matmul
  return Kq @ self._w + Pq @ self._poly
/Users/trinidad.borrell/Documents/Work/MARS-V/code/manifold-persona/manifold/tps.py:92: RuntimeWarning: invalid value encountered in matmul
  return Kq @ self._w + Pq @ self._poly
/Users/trinidad.borrell/Documents/Work/MARS-V/code/manifold-persona/manifold/tps.py:92: RuntimeWarning: divide by zero encountered in matmul
  return Kq @ self._w + Pq @ self._poly
/Users/trinidad.borrell/Documents/Work/MARS-V/code/manifold-persona/manifold/tps.py:92: RuntimeWarning: overflow encountered in matmul
  return Kq @ self._w + Pq @ self._poly
/Users/trinidad.borrell/Documents/Work/MARS-V/code/manifold-persona/manifold/tps.py:92: RuntimeWarning: invalid value encountered in matmul
  return Kq @ self._w + Pq @ self._poly
/Users/trinidad.borrell/Documents/Work/MARS-V/code/manifold-persona/manifold/tps.py:92: RuntimeWarning: divide by zero encountered in matmul
  return Kq @ self._w + Pq @ self._poly
/Users/trinidad.borrell/Documents/Work/MARS-V/code/manifold-persona/manifold/tps.py:92: RuntimeWarning: overflow encountered in matmul
  return Kq @ self._w + Pq @ self._poly
/Users/trinidad.borrell/Documents/Work/MARS-V/code/manifold-persona/manifold/tps.py:92: RuntimeWarning: invalid value encountered in matmul
  return Kq @ self._w + Pq @ self._poly
/Users/trinidad.borrell/Documents/Work/MARS-V/code/manifold-persona/manifold/tps.py:92: RuntimeWarning: divide by zero encountered in matmul
  return Kq @ self._w + Pq @ self._poly
/Users/trinidad.borrell/Documents/Work/MARS-V/code/manifold-persona/manifold/tps.py:92: RuntimeWarning: overflow encountered in matmul
  return Kq @ self._w + Pq @ self._poly
/Users/trinidad.borrell/Documents/Work/MARS-V/code/manifold-persona/manifold/tps.py:92: RuntimeWarning: invalid value encountered in matmul
  return Kq @ self._w + Pq @ self._poly
/Users/trinidad.borrell/Documents/Work/MARS-V/code/manifold-persona/manifold/tps.py:92: RuntimeWarning: divide by zero encountered in matmul
  return Kq @ self._w + Pq @ self._poly
/Users/trinidad.borrell/Documents/Work/MARS-V/code/manifold-persona/manifold/tps.py:92: RuntimeWarning: overflow encountered in matmul
  return Kq @ self._w + Pq @ self._poly
/Users/trinidad.borrell/Documents/Work/MARS-V/code/manifold-persona/manifold/tps.py:92: RuntimeWarning: invalid value encountered in matmul
  return Kq @ self._w + Pq @ self._poly
/Users/trinidad.borrell/Documents/Work/MARS-V/code/manifold-persona/manifold/tps.py:92: RuntimeWarning: divide by zero encountered in matmul
  return Kq @ self._w + Pq @ self._poly
/Users/trinidad.borrell/Documents/Work/MARS-V/code/manifold-persona/manifold/tps.py:92: RuntimeWarning: overflow encountered in matmul
  return Kq @ self._w + Pq @ self._poly
/Users/trinidad.borrell/Documents/Work/MARS-V/code/manifold-persona/manifold/tps.py:92: RuntimeWarning: invalid value encountered in matmul
  return Kq @ self._w + Pq @ self._poly
/Users/trinidad.borrell/Documents/Work/MARS-V/code/manifold-persona/manifold/tps.py:92: RuntimeWarning: divide by zero encountered in matmul
  return Kq @ self._w + Pq @ self._poly
/Users/trinidad.borrell/Documents/Work/MARS-V/code/manifold-persona/manifold/tps.py:92: RuntimeWarning: overflow encountered in matmul
  return Kq @ self._w + Pq @ self._poly
/Users/trinidad.borrell/Documents/Work/MARS-V/code/manifold-persona/manifold/tps.py:92: RuntimeWarning: invalid value encountered in matmul
  return Kq @ self._w + Pq @ self._poly
/Users/trinidad.borrell/Documents/Work/MARS-V/code/manifold-persona/manifold/tps.py:92: RuntimeWarning: divide by zero encountered in matmul
  return Kq @ self._w + Pq @ self._poly
/Users/trinidad.borrell/Documents/Work/MARS-V/code/manifold-persona/manifold/tps.py:92: RuntimeWarning: overflow encountered in matmul
  return Kq @ self._w + Pq @ self._poly
/Users/trinidad.borrell/Documents/Work/MARS-V/code/manifold-persona/manifold/tps.py:92: RuntimeWarning: invalid value encountered in matmul
  return Kq @ self._w + Pq @ self._poly
/Users/trinidad.borrell/Documents/Work/MARS-V/code/manifold-persona/manifold/tps.py:92: RuntimeWarning: divide by zero encountered in matmul
  return Kq @ self._w + Pq @ self._poly
/Users/trinidad.borrell/Documents/Work/MARS-V/code/manifold-persona/manifold/tps.py:92: RuntimeWarning: overflow encountered in matmul
  return Kq @ self._w + Pq @ self._poly
/Users/trinidad.borrell/Documents/Work/MARS-V/code/manifold-persona/manifold/tps.py:92: RuntimeWarning: invalid value encountered in matmul
  return Kq @ self._w + Pq @ self._poly
/Users/trinidad.borrell/Documents/Work/MARS-V/code/manifold-persona/manifold/tps.py:92: RuntimeWarning: divide by zero encountered in matmul
  return Kq @ self._w + Pq @ self._poly
/Users/trinidad.borrell/Documents/Work/MARS-V/code/manifold-persona/manifold/tps.py:92: RuntimeWarning: overflow encountered in matmul
  return Kq @ self._w + Pq @ self._poly
/Users/trinidad.borrell/Documents/Work/MARS-V/code/manifold-persona/manifold/tps.py:92: RuntimeWarning: invalid value encountered in matmul
  return Kq @ self._w + Pq @ self._poly
/Users/trinidad.borrell/Documents/Work/MARS-V/code/manifold-persona/manifold/tps.py:92: RuntimeWarning: divide by zero encountered in matmul
  return Kq @ self._w + Pq @ self._poly
/Users/trinidad.borrell/Documents/Work/MARS-V/code/manifold-persona/manifold/tps.py:92: RuntimeWarning: overflow encountered in matmul
  return Kq @ self._w + Pq @ self._poly
/Users/trinidad.borrell/Documents/Work/MARS-V/code/manifold-persona/manifold/tps.py:92: RuntimeWarning: invalid value encountered in matmul
  return Kq @ self._w + Pq @ self._poly
/Users/trinidad.borrell/Documents/Work/MARS-V/code/manifold-persona/manifold/tps.py:92: RuntimeWarning: divide by zero encountered in matmul
  return Kq @ self._w + Pq @ self._poly
/Users/trinidad.borrell/Documents/Work/MARS-V/code/manifold-persona/manifold/tps.py:92: RuntimeWarning: overflow encountered in matmul
  return Kq @ self._w + Pq @ self._poly
/Users/trinidad.borrell/Documents/Work/MARS-V/code/manifold-persona/manifold/tps.py:92: RuntimeWarning: invalid value encountered in matmul
  return Kq @ self._w + Pq @ self._poly
/Users/trinidad.borrell/Documents/Work/MARS-V/code/manifold-persona/manifold/tps.py:92: RuntimeWarning: divide by zero encountered in matmul
  return Kq @ self._w + Pq @ self._poly
/Users/trinidad.borrell/Documents/Work/MARS-V/code/manifold-persona/manifold/tps.py:92: RuntimeWarning: overflow encountered in matmul
  return Kq @ self._w + Pq @ self._poly
/Users/trinidad.borrell/Documents/Work/MARS-V/code/manifold-persona/manifold/tps.py:92: RuntimeWarning: invalid value encountered in matmul
  return Kq @ self._w + Pq @ self._poly
/Users/trinidad.borrell/Documents/Work/MARS-V/code/manifold-persona/manifold/tps.py:92: RuntimeWarning: divide by zero encountered in matmul
  return Kq @ self._w + Pq @ self._poly
/Users/trinidad.borrell/Documents/Work/MARS-V/code/manifold-persona/manifold/tps.py:92: RuntimeWarning: overflow encountered in matmul
  return Kq @ self._w + Pq @ self._poly
/Users/trinidad.borrell/Documents/Work/MARS-V/code/manifold-persona/manifold/tps.py:92: RuntimeWarning: invalid value encountered in matmul
  return Kq @ self._w + Pq @ self._poly
/Users/trinidad.borrell/Documents/Work/MARS-V/code/manifold-persona/manifold/tps.py:92: RuntimeWarning: divide by zero encountered in matmul
  return Kq @ self._w + Pq @ self._poly
/Users/trinidad.borrell/Documents/Work/MARS-V/code/manifold-persona/manifold/tps.py:92: RuntimeWarning: overflow encountered in matmul
  return Kq @ self._w + Pq @ self._poly
/Users/trinidad.borrell/Documents/Work/MARS-V/code/manifold-persona/manifold/tps.py:92: RuntimeWarning: invalid value encountered in matmul
  return Kq @ self._w + Pq @ self._poly
/Users/trinidad.borrell/Documents/Work/MARS-V/code/manifold-persona/manifold/tps.py:92: RuntimeWarning: divide by zero encountered in matmul
  return Kq @ self._w + Pq @ self._poly
/Users/trinidad.borrell/Documents/Work/MARS-V/code/manifold-persona/manifold/tps.py:92: RuntimeWarning: overflow encountered in matmul
  return Kq @ self._w + Pq @ self._poly
/Users/trinidad.borrell/Documents/Work/MARS-V/code/manifold-persona/manifold/tps.py:92: RuntimeWarning: invalid value encountered in matmul
  return Kq @ self._w + Pq @ self._poly
/Users/trinidad.borrell/Documents/Work/MARS-V/code/manifold-persona/manifold/tps.py:92: RuntimeWarning: divide by zero encountered in matmul
  return Kq @ self._w + Pq @ self._poly
/Users/trinidad.borrell/Documents/Work/MARS-V/code/manifold-persona/manifold/tps.py:92: RuntimeWarning: overflow encountered in matmul
  return Kq @ self._w + Pq @ self._poly
/Users/trinidad.borrell/Documents/Work/MARS-V/code/manifold-persona/manifold/tps.py:92: RuntimeWarning: invalid value encountered in matmul
  return Kq @ self._w + Pq @ self._poly
/Users/trinidad.borrell/Documents/Work/MARS-V/code/manifold-persona/manifold/tps.py:92: RuntimeWarning: divide by zero encountered in matmul
  return Kq @ self._w + Pq @ self._poly
/Users/trinidad.borrell/Documents/Work/MARS-V/code/manifold-persona/manifold/tps.py:92: RuntimeWarning: overflow encountered in matmul
  return Kq @ self._w + Pq @ self._poly
/Users/trinidad.borrell/Documents/Work/MARS-V/code/manifold-persona/manifold/tps.py:92: RuntimeWarning: invalid value encountered in matmul
  return Kq @ self._w + Pq @ self._poly
/Users/trinidad.borrell/Documents/Work/MARS-V/code/manifold-persona/manifold/tps.py:92: RuntimeWarning: divide by zero encountered in matmul
  return Kq @ self._w + Pq @ self._poly
/Users/trinidad.borrell/Documents/Work/MARS-V/code/manifold-persona/manifold/tps.py:92: RuntimeWarning: overflow encountered in matmul
  return Kq @ self._w + Pq @ self._poly
/Users/trinidad.borrell/Documents/Work/MARS-V/code/manifold-persona/manifold/tps.py:92: RuntimeWarning: invalid value encountered in matmul
  return Kq @ self._w + Pq @ self._poly
/Users/trinidad.borrell/Documents/Work/MARS-V/code/manifold-persona/manifold/tps.py:92: RuntimeWarning: divide by zero encountered in matmul
  return Kq @ self._w + Pq @ self._poly
/Users/trinidad.borrell/Documents/Work/MARS-V/code/manifold-persona/manifold/tps.py:92: RuntimeWarning: overflow encountered in matmul
  return Kq @ self._w + Pq @ self._poly
/Users/trinidad.borrell/Documents/Work/MARS-V/code/manifold-persona/manifold/tps.py:92: RuntimeWarning: invalid value encountered in matmul
  return Kq @ self._w + Pq @ self._poly
/Users/trinidad.borrell/Documents/Work/MARS-V/code/manifold-persona/manifold/tps.py:92: RuntimeWarning: divide by zero encountered in matmul
  return Kq @ self._w + Pq @ self._poly
/Users/trinidad.borrell/Documents/Work/MARS-V/code/manifold-persona/manifold/tps.py:92: RuntimeWarning: overflow encountered in matmul
  return Kq @ self._w + Pq @ self._poly
/Users/trinidad.borrell/Documents/Work/MARS-V/code/manifold-persona/manifold/tps.py:92: RuntimeWarning: invalid value encountered in matmul
  return Kq @ self._w + Pq @ self._poly
/Users/trinidad.borrell/Documents/Work/MARS-V/code/manifold-persona/manifold/tps.py:92: RuntimeWarning: divide by zero encountered in matmul
  return Kq @ self._w + Pq @ self._poly
/Users/trinidad.borrell/Documents/Work/MARS-V/code/manifold-persona/manifold/tps.py:92: RuntimeWarning: overflow encountered in matmul
  return Kq @ self._w + Pq @ self._poly
/Users/trinidad.borrell/Documents/Work/MARS-V/code/manifold-persona/manifold/tps.py:92: RuntimeWarning: invalid value encountered in matmul
  return Kq @ self._w + Pq @ self._poly
/Users/trinidad.borrell/Documents/Work/MARS-V/code/manifold-persona/manifold/tps.py:92: RuntimeWarning: divide by zero encountered in matmul
  return Kq @ self._w + Pq @ self._poly
/Users/trinidad.borrell/Documents/Work/MARS-V/code/manifold-persona/manifold/tps.py:92: RuntimeWarning: overflow encountered in matmul
  return Kq @ self._w + Pq @ self._poly
/Users/trinidad.borrell/Documents/Work/MARS-V/code/manifold-persona/manifold/tps.py:92: RuntimeWarning: invalid value encountered in matmul
  return Kq @ self._w + Pq @ self._poly
/Users/trinidad.borrell/Documents/Work/MARS-V/code/manifold-persona/manifold/tps.py:92: RuntimeWarning: divide by zero encountered in matmul
  return Kq @ self._w + Pq @ self._poly
/Users/trinidad.borrell/Documents/Work/MARS-V/code/manifold-persona/manifold/tps.py:92: RuntimeWarning: overflow encountered in matmul
  return Kq @ self._w + Pq @ self._poly
/Users/trinidad.borrell/Documents/Work/MARS-V/code/manifold-persona/manifold/tps.py:92: RuntimeWarning: invalid value encountered in matmul
  return Kq @ self._w + Pq @ self._poly
/Users/trinidad.borrell/Documents/Work/MARS-V/code/manifold-persona/manifold/tps.py:92: RuntimeWarning: divide by zero encountered in matmul
  return Kq @ self._w + Pq @ self._poly
/Users/trinidad.borrell/Documents/Work/MARS-V/code/manifold-persona/manifold/tps.py:92: RuntimeWarning: overflow encountered in matmul
  return Kq @ self._w + Pq @ self._poly
/Users/trinidad.borrell/Documents/Work/MARS-V/code/manifold-persona/manifold/tps.py:92: RuntimeWarning: invalid value encountered in matmul
  return Kq @ self._w + Pq @ self._poly
/Users/trinidad.borrell/Documents/Work/MARS-V/code/manifold-persona/manifold/tps.py:92: RuntimeWarning: divide by zero encountered in matmul
  return Kq @ self._w + Pq @ self._poly
/Users/trinidad.borrell/Documents/Work/MARS-V/code/manifold-persona/manifold/tps.py:92: RuntimeWarning: overflow encountered in matmul
  return Kq @ self._w + Pq @ self._poly
/Users/trinidad.borrell/Documents/Work/MARS-V/code/manifold-persona/manifold/tps.py:92: RuntimeWarning: invalid value encountered in matmul
  return Kq @ self._w + Pq @ self._poly
/Users/trinidad.borrell/Documents/Work/MARS-V/code/manifold-persona/manifold/tps.py:92: RuntimeWarning: divide by zero encountered in matmul
  return Kq @ self._w + Pq @ self._poly
/Users/trinidad.borrell/Documents/Work/MARS-V/code/manifold-persona/manifold/tps.py:92: RuntimeWarning: overflow encountered in matmul
  return Kq @ self._w + Pq @ self._poly
/Users/trinidad.borrell/Documents/Work/MARS-V/code/manifold-persona/manifold/tps.py:92: RuntimeWarning: invalid value encountered in matmul
  return Kq @ self._w + Pq @ self._poly
/Users/trinidad.borrell/Documents/Work/MARS-V/code/manifold-persona/manifold/tps.py:92: RuntimeWarning: divide by zero encountered in matmul
  return Kq @ self._w + Pq @ self._poly
/Users/trinidad.borrell/Documents/Work/MARS-V/code/manifold-persona/manifold/tps.py:92: RuntimeWarning: overflow encountered in matmul
  return Kq @ self._w + Pq @ self._poly
/Users/trinidad.borrell/Documents/Work/MARS-V/code/manifold-persona/manifold/tps.py:92: RuntimeWarning: invalid value encountered in matmul
  return Kq @ self._w + Pq @ self._poly
/Users/trinidad.borrell/Documents/Work/MARS-V/code/manifold-persona/manifold/tps.py:92: RuntimeWarning: divide by zero encountered in matmul
  return Kq @ self._w + Pq @ self._poly
/Users/trinidad.borrell/Documents/Work/MARS-V/code/manifold-persona/manifold/tps.py:92: RuntimeWarning: overflow encountered in matmul
  return Kq @ self._w + Pq @ self._poly
/Users/trinidad.borrell/Documents/Work/MARS-V/code/manifold-persona/manifold/tps.py:92: RuntimeWarning: invalid value encountered in matmul
  return Kq @ self._w + Pq @ self._poly
/Users/trinidad.borrell/Documents/Work/MARS-V/code/manifold-persona/manifold/tps.py:92: RuntimeWarning: divide by zero encountered in matmul
  return Kq @ self._w + Pq @ self._poly
/Users/trinidad.borrell/Documents/Work/MARS-V/code/manifold-persona/manifold/tps.py:92: RuntimeWarning: overflow encountered in matmul
  return Kq @ self._w + Pq @ self._poly
/Users/trinidad.borrell/Documents/Work/MARS-V/code/manifold-persona/manifold/tps.py:92: RuntimeWarning: invalid value encountered in matmul
  return Kq @ self._w + Pq @ self._poly
/Users/trinidad.borrell/Documents/Work/MARS-V/code/manifold-persona/manifold/tps.py:92: RuntimeWarning: divide by zero encountered in matmul
  return Kq @ self._w + Pq @ self._poly
/Users/trinidad.borrell/Documents/Work/MARS-V/code/manifold-persona/manifold/tps.py:92: RuntimeWarning: overflow encountered in matmul
  return Kq @ self._w + Pq @ self._poly
/Users/trinidad.borrell/Documents/Work/MARS-V/code/manifold-persona/manifold/tps.py:92: RuntimeWarning: invalid value encountered in matmul
  return Kq @ self._w + Pq @ self._poly
/Users/trinidad.borrell/Documents/Work/MARS-V/code/manifold-persona/manifold/tps.py:92: RuntimeWarning: divide by zero encountered in matmul
  return Kq @ self._w + Pq @ self._poly
/Users/trinidad.borrell/Documents/Work/MARS-V/code/manifold-persona/manifold/tps.py:92: RuntimeWarning: overflow encountered in matmul
  return Kq @ self._w + Pq @ self._poly
/Users/trinidad.borrell/Documents/Work/MARS-V/code/manifold-persona/manifold/tps.py:92: RuntimeWarning: invalid value encountered in matmul
  return Kq @ self._w + Pq @ self._poly
/Users/trinidad.borrell/Documents/Work/MARS-V/code/manifold-persona/manifold/tps.py:92: RuntimeWarning: divide by zero encountered in matmul
  return Kq @ self._w + Pq @ self._poly
/Users/trinidad.borrell/Documents/Work/MARS-V/code/manifold-persona/manifold/tps.py:92: RuntimeWarning: overflow encountered in matmul
  return Kq @ self._w + Pq @ self._poly
/Users/trinidad.borrell/Documents/Work/MARS-V/code/manifold-persona/manifold/tps.py:92: RuntimeWarning: invalid value encountered in matmul
  return Kq @ self._w + Pq @ self._poly
/Users/trinidad.borrell/Documents/Work/MARS-V/code/manifold-persona/manifold/tps.py:92: RuntimeWarning: divide by zero encountered in matmul
  return Kq @ self._w + Pq @ self._poly
/Users/trinidad.borrell/Documents/Work/MARS-V/code/manifold-persona/manifold/tps.py:92: RuntimeWarning: overflow encountered in matmul
  return Kq @ self._w + Pq @ self._poly
/Users/trinidad.borrell/Documents/Work/MARS-V/code/manifold-persona/manifold/tps.py:92: RuntimeWarning: invalid value encountered in matmul
  return Kq @ self._w + Pq @ self._poly
/Users/trinidad.borrell/Documents/Work/MARS-V/code/manifold-persona/manifold/tps.py:92: RuntimeWarning: divide by zero encountered in matmul
  return Kq @ self._w + Pq @ self._poly
/Users/trinidad.borrell/Documents/Work/MARS-V/code/manifold-persona/manifold/tps.py:92: RuntimeWarning: overflow encountered in matmul
  return Kq @ self._w + Pq @ self._poly
/Users/trinidad.borrell/Documents/Work/MARS-V/code/manifold-persona/manifold/tps.py:92: RuntimeWarning: invalid value encountered in matmul
  return Kq @ self._w + Pq @ self._poly
/Users/trinidad.borrell/Documents/Work/MARS-V/code/manifold-persona/manifold/tps.py:92: RuntimeWarning: divide by zero encountered in matmul
  return Kq @ self._w + Pq @ self._poly
/Users/trinidad.borrell/Documents/Work/MARS-V/code/manifold-persona/manifold/tps.py:92: RuntimeWarning: overflow encountered in matmul
  return Kq @ self._w + Pq @ self._poly
/Users/trinidad.borrell/Documents/Work/MARS-V/code/manifold-persona/manifold/tps.py:92: RuntimeWarning: invalid value encountered in matmul
  return Kq @ self._w + Pq @ self._poly
/Users/trinidad.borrell/Documents/Work/MARS-V/code/manifold-persona/manifold/tps.py:92: RuntimeWarning: divide by zero encountered in matmul
  return Kq @ self._w + Pq @ self._poly
/Users/trinidad.borrell/Documents/Work/MARS-V/code/manifold-persona/manifold/tps.py:92: RuntimeWarning: overflow encountered in matmul
  return Kq @ self._w + Pq @ self._poly
/Users/trinidad.borrell/Documents/Work/MARS-V/code/manifold-persona/manifold/tps.py:92: RuntimeWarning: invalid value encountered in matmul
  return Kq @ self._w + Pq @ self._poly
/Users/trinidad.borrell/Documents/Work/MARS-V/code/manifold-persona/manifold/tps.py:92: RuntimeWarning: divide by zero encountered in matmul
  return Kq @ self._w + Pq @ self._poly
/Users/trinidad.borrell/Documents/Work/MARS-V/code/manifold-persona/manifold/tps.py:92: RuntimeWarning: overflow encountered in matmul
  return Kq @ self._w + Pq @ self._poly
/Users/trinidad.borrell/Documents/Work/MARS-V/code/manifold-persona/manifold/tps.py:92: RuntimeWarning: invalid value encountered in matmul
  return Kq @ self._w + Pq @ self._poly
/Users/trinidad.borrell/Documents/Work/MARS-V/code/manifold-persona/manifold/tps.py:92: RuntimeWarning: divide by zero encountered in matmul
  return Kq @ self._w + Pq @ self._poly
/Users/trinidad.borrell/Documents/Work/MARS-V/code/manifold-persona/manifold/tps.py:92: RuntimeWarning: overflow encountered in matmul
  return Kq @ self._w + Pq @ self._poly
/Users/trinidad.borrell/Documents/Work/MARS-V/code/manifold-persona/manifold/tps.py:92: RuntimeWarning: invalid value encountered in matmul
  return Kq @ self._w + Pq @ self._poly
/Users/trinidad.borrell/Documents/Work/MARS-V/code/manifold-persona/manifold/tps.py:92: RuntimeWarning: divide by zero encountered in matmul
  return Kq @ self._w + Pq @ self._poly
/Users/trinidad.borrell/Documents/Work/MARS-V/code/manifold-persona/manifold/tps.py:92: RuntimeWarning: overflow encountered in matmul
  return Kq @ self._w + Pq @ self._poly
/Users/trinidad.borrell/Documents/Work/MARS-V/code/manifold-persona/manifold/tps.py:92: RuntimeWarning: invalid value encountered in matmul
  return Kq @ self._w + Pq @ self._poly
/Users/trinidad.borrell/Documents/Work/MARS-V/code/manifold-persona/manifold/tps.py:92: RuntimeWarning: divide by zero encountered in matmul
  return Kq @ self._w + Pq @ self._poly
/Users/trinidad.borrell/Documents/Work/MARS-V/code/manifold-persona/manifold/tps.py:92: RuntimeWarning: overflow encountered in matmul
  return Kq @ self._w + Pq @ self._poly
/Users/trinidad.borrell/Documents/Work/MARS-V/code/manifold-persona/manifold/tps.py:92: RuntimeWarning: invalid value encountered in matmul
  return Kq @ self._w + Pq @ self._poly
/Users/trinidad.borrell/Documents/Work/MARS-V/code/manifold-persona/manifold/tps.py:92: RuntimeWarning: divide by zero encountered in matmul
  return Kq @ self._w + Pq @ self._poly
/Users/trinidad.borrell/Documents/Work/MARS-V/code/manifold-persona/manifold/tps.py:92: RuntimeWarning: overflow encountered in matmul
  return Kq @ self._w + Pq @ self._poly
/Users/trinidad.borrell/Documents/Work/MARS-V/code/manifold-persona/manifold/tps.py:92: RuntimeWarning: invalid value encountered in matmul
  return Kq @ self._w + Pq @ self._poly
/Users/trinidad.borrell/Documents/Work/MARS-V/code/manifold-persona/manifold/tps.py:92: RuntimeWarning: divide by zero encountered in matmul
  return Kq @ self._w + Pq @ self._poly
/Users/trinidad.borrell/Documents/Work/MARS-V/code/manifold-persona/manifold/tps.py:92: RuntimeWarning: overflow encountered in matmul
  return Kq @ self._w + Pq @ self._poly
/Users/trinidad.borrell/Documents/Work/MARS-V/code/manifold-persona/manifold/tps.py:92: RuntimeWarning: invalid value encountered in matmul
  return Kq @ self._w + Pq @ self._poly
/Users/trinidad.borrell/Documents/Work/MARS-V/code/manifold-persona/manifold/tps.py:92: RuntimeWarning: divide by zero encountered in matmul
  return Kq @ self._w + Pq @ self._poly
/Users/trinidad.borrell/Documents/Work/MARS-V/code/manifold-persona/manifold/tps.py:92: RuntimeWarning: overflow encountered in matmul
  return Kq @ self._w + Pq @ self._poly
/Users/trinidad.borrell/Documents/Work/MARS-V/code/manifold-persona/manifold/tps.py:92: RuntimeWarning: invalid value encountered in matmul
  return Kq @ self._w + Pq @ self._poly
/Users/trinidad.borrell/Documents/Work/MARS-V/code/manifold-persona/manifold/tps.py:92: RuntimeWarning: divide by zero encountered in matmul
  return Kq @ self._w + Pq @ self._poly
/Users/trinidad.borrell/Documents/Work/MARS-V/code/manifold-persona/manifold/tps.py:92: RuntimeWarning: overflow encountered in matmul
  return Kq @ self._w + Pq @ self._poly
/Users/trinidad.borrell/Documents/Work/MARS-V/code/manifold-persona/manifold/tps.py:92: RuntimeWarning: invalid value encountered in matmul
  return Kq @ self._w + Pq @ self._poly
/Users/trinidad.borrell/Documents/Work/MARS-V/code/manifold-persona/manifold/tps.py:92: RuntimeWarning: divide by zero encountered in matmul
  return Kq @ self._w + Pq @ self._poly
/Users/trinidad.borrell/Documents/Work/MARS-V/code/manifold-persona/manifold/tps.py:92: RuntimeWarning: overflow encountered in matmul
  return Kq @ self._w + Pq @ self._poly
/Users/trinidad.borrell/Documents/Work/MARS-V/code/manifold-persona/manifold/tps.py:92: RuntimeWarning: invalid value encountered in matmul
  return Kq @ self._w + Pq @ self._poly
/Users/trinidad.borrell/Documents/Work/MARS-V/code/manifold-persona/manifold/tps.py:92: RuntimeWarning: divide by zero encountered in matmul
  return Kq @ self._w + Pq @ self._poly
/Users/trinidad.borrell/Documents/Work/MARS-V/code/manifold-persona/manifold/tps.py:92: RuntimeWarning: overflow encountered in matmul
  return Kq @ self._w + Pq @ self._poly
/Users/trinidad.borrell/Documents/Work/MARS-V/code/manifold-persona/manifold/tps.py:92: RuntimeWarning: invalid value encountered in matmul
  return Kq @ self._w + Pq @ self._poly
/Users/trinidad.borrell/Documents/Work/MARS-V/code/manifold-persona/manifold/tps.py:92: RuntimeWarning: divide by zero encountered in matmul
  return Kq @ self._w + Pq @ self._poly
/Users/trinidad.borrell/Documents/Work/MARS-V/code/manifold-persona/manifold/tps.py:92: RuntimeWarning: overflow encountered in matmul
  return Kq @ self._w + Pq @ self._poly
/Users/trinidad.borrell/Documents/Work/MARS-V/code/manifold-persona/manifold/tps.py:92: RuntimeWarning: invalid value encountered in matmul
  return Kq @ self._w + Pq @ self._poly
/Users/trinidad.borrell/Documents/Work/MARS-V/code/manifold-persona/manifold/tps.py:92: RuntimeWarning: divide by zero encountered in matmul
  return Kq @ self._w + Pq @ self._poly
/Users/trinidad.borrell/Documents/Work/MARS-V/code/manifold-persona/manifold/tps.py:92: RuntimeWarning: overflow encountered in matmul
  return Kq @ self._w + Pq @ self._poly
/Users/trinidad.borrell/Documents/Work/MARS-V/code/manifold-persona/manifold/tps.py:92: RuntimeWarning: invalid value encountered in matmul
  return Kq @ self._w + Pq @ self._poly
/Users/trinidad.borrell/Documents/Work/MARS-V/code/manifold-persona/manifold/tps.py:92: RuntimeWarning: divide by zero encountered in matmul
  return Kq @ self._w + Pq @ self._poly
/Users/trinidad.borrell/Documents/Work/MARS-V/code/manifold-persona/manifold/tps.py:92: RuntimeWarning: overflow encountered in matmul
  return Kq @ self._w + Pq @ self._poly
/Users/trinidad.borrell/Documents/Work/MARS-V/code/manifold-persona/manifold/tps.py:92: RuntimeWarning: invalid value encountered in matmul
  return Kq @ self._w + Pq @ self._poly
/Users/trinidad.borrell/Documents/Work/MARS-V/code/manifold-persona/manifold/tps.py:92: RuntimeWarning: divide by zero encountered in matmul
  return Kq @ self._w + Pq @ self._poly
/Users/trinidad.borrell/Documents/Work/MARS-V/code/manifold-persona/manifold/tps.py:92: RuntimeWarning: overflow encountered in matmul
  return Kq @ self._w + Pq @ self._poly
/Users/trinidad.borrell/Documents/Work/MARS-V/code/manifold-persona/manifold/tps.py:92: RuntimeWarning: invalid value encountered in matmul
  return Kq @ self._w + Pq @ self._poly
/Users/trinidad.borrell/Documents/Work/MARS-V/code/manifold-persona/manifold/tps.py:92: RuntimeWarning: divide by zero encountered in matmul
  return Kq @ self._w + Pq @ self._poly
/Users/trinidad.borrell/Documents/Work/MARS-V/code/manifold-persona/manifold/tps.py:92: RuntimeWarning: overflow encountered in matmul
  return Kq @ self._w + Pq @ self._poly
/Users/trinidad.borrell/Documents/Work/MARS-V/code/manifold-persona/manifold/tps.py:92: RuntimeWarning: invalid value encountered in matmul
  return Kq @ self._w + Pq @ self._poly
/Users/trinidad.borrell/Documents/Work/MARS-V/code/manifold-persona/manifold/tps.py:92: RuntimeWarning: divide by zero encountered in matmul
  return Kq @ self._w + Pq @ self._poly
/Users/trinidad.borrell/Documents/Work/MARS-V/code/manifold-persona/manifold/tps.py:92: RuntimeWarning: overflow encountered in matmul
  return Kq @ self._w + Pq @ self._poly
/Users/trinidad.borrell/Documents/Work/MARS-V/code/manifold-persona/manifold/tps.py:92: RuntimeWarning: invalid value encountered in matmul
  return Kq @ self._w + Pq @ self._poly
/Users/trinidad.borrell/Documents/Work/MARS-V/code/manifold-persona/manifold/tps.py:92: RuntimeWarning: divide by zero encountered in matmul
  return Kq @ self._w + Pq @ self._poly
/Users/trinidad.borrell/Documents/Work/MARS-V/code/manifold-persona/manifold/tps.py:92: RuntimeWarning: overflow encountered in matmul
  return Kq @ self._w + Pq @ self._poly
/Users/trinidad.borrell/Documents/Work/MARS-V/code/manifold-persona/manifold/tps.py:92: RuntimeWarning: invalid value encountered in matmul
  return Kq @ self._w + Pq @ self._poly
/Users/trinidad.borrell/Documents/Work/MARS-V/code/manifold-persona/manifold/tps.py:92: RuntimeWarning: divide by zero encountered in matmul
  return Kq @ self._w + Pq @ self._poly
/Users/trinidad.borrell/Documents/Work/MARS-V/code/manifold-persona/manifold/tps.py:92: RuntimeWarning: overflow encountered in matmul
  return Kq @ self._w + Pq @ self._poly
/Users/trinidad.borrell/Documents/Work/MARS-V/code/manifold-persona/manifold/tps.py:92: RuntimeWarning: invalid value encountered in matmul
  return Kq @ self._w + Pq @ self._poly
/Users/trinidad.borrell/Documents/Work/MARS-V/code/manifold-persona/manifold/tps.py:92: RuntimeWarning: divide by zero encountered in matmul
  return Kq @ self._w + Pq @ self._poly
/Users/trinidad.borrell/Documents/Work/MARS-V/code/manifold-persona/manifold/tps.py:92: RuntimeWarning: overflow encountered in matmul
  return Kq @ self._w + Pq @ self._poly
/Users/trinidad.borrell/Documents/Work/MARS-V/code/manifold-persona/manifold/tps.py:92: RuntimeWarning: invalid value encountered in matmul
  return Kq @ self._w + Pq @ self._poly
/Users/trinidad.borrell/Documents/Work/MARS-V/code/manifold-persona/manifold/tps.py:92: RuntimeWarning: divide by zero encountered in matmul
  return Kq @ self._w + Pq @ self._poly
/Users/trinidad.borrell/Documents/Work/MARS-V/code/manifold-persona/manifold/tps.py:92: RuntimeWarning: overflow encountered in matmul
  return Kq @ self._w + Pq @ self._poly
/Users/trinidad.borrell/Documents/Work/MARS-V/code/manifold-persona/manifold/tps.py:92: RuntimeWarning: invalid value encountered in matmul
  return Kq @ self._w + Pq @ self._poly
/Users/trinidad.borrell/Documents/Work/MARS-V/code/manifold-persona/manifold/tps.py:92: RuntimeWarning: divide by zero encountered in matmul
  return Kq @ self._w + Pq @ self._poly
/Users/trinidad.borrell/Documents/Work/MARS-V/code/manifold-persona/manifold/tps.py:92: RuntimeWarning: overflow encountered in matmul
  return Kq @ self._w + Pq @ self._poly
/Users/trinidad.borrell/Documents/Work/MARS-V/code/manifold-persona/manifold/tps.py:92: RuntimeWarning: invalid value encountered in matmul
  return Kq @ self._w + Pq @ self._poly
/Users/trinidad.borrell/Documents/Work/MARS-V/code/manifold-persona/manifold/tps.py:92: RuntimeWarning: divide by zero encountered in matmul
  return Kq @ self._w + Pq @ self._poly
/Users/trinidad.borrell/Documents/Work/MARS-V/code/manifold-persona/manifold/tps.py:92: RuntimeWarning: overflow encountered in matmul
  return Kq @ self._w + Pq @ self._poly
/Users/trinidad.borrell/Documents/Work/MARS-V/code/manifold-persona/manifold/tps.py:92: RuntimeWarning: invalid value encountered in matmul
  return Kq @ self._w + Pq @ self._poly
/Users/trinidad.borrell/Documents/Work/MARS-V/code/manifold-persona/manifold/tps.py:92: RuntimeWarning: divide by zero encountered in matmul
  return Kq @ self._w + Pq @ self._poly
/Users/trinidad.borrell/Documents/Work/MARS-V/code/manifold-persona/manifold/tps.py:92: RuntimeWarning: overflow encountered in matmul
  return Kq @ self._w + Pq @ self._poly
/Users/trinidad.borrell/Documents/Work/MARS-V/code/manifold-persona/manifold/tps.py:92: RuntimeWarning: invalid value encountered in matmul
  return Kq @ self._w + Pq @ self._poly
/Users/trinidad.borrell/Documents/Work/MARS-V/code/manifold-persona/manifold/tps.py:92: RuntimeWarning: divide by zero encountered in matmul
  return Kq @ self._w + Pq @ self._poly
/Users/trinidad.borrell/Documents/Work/MARS-V/code/manifold-persona/manifold/tps.py:92: RuntimeWarning: overflow encountered in matmul
  return Kq @ self._w + Pq @ self._poly
/Users/trinidad.borrell/Documents/Work/MARS-V/code/manifold-persona/manifold/tps.py:92: RuntimeWarning: invalid value encountered in matmul
  return Kq @ self._w + Pq @ self._poly
/Users/trinidad.borrell/Documents/Work/MARS-V/code/manifold-persona/manifold/tps.py:92: RuntimeWarning: divide by zero encountered in matmul
  return Kq @ self._w + Pq @ self._poly
/Users/trinidad.borrell/Documents/Work/MARS-V/code/manifold-persona/manifold/tps.py:92: RuntimeWarning: overflow encountered in matmul
  return Kq @ self._w + Pq @ self._poly
/Users/trinidad.borrell/Documents/Work/MARS-V/code/manifold-persona/manifold/tps.py:92: RuntimeWarning: invalid value encountered in matmul
  return Kq @ self._w + Pq @ self._poly
/Users/trinidad.borrell/Documents/Work/MARS-V/code/manifold-persona/manifold/tps.py:92: RuntimeWarning: divide by zero encountered in matmul
  return Kq @ self._w + Pq @ self._poly
/Users/trinidad.borrell/Documents/Work/MARS-V/code/manifold-persona/manifold/tps.py:92: RuntimeWarning: overflow encountered in matmul
  return Kq @ self._w + Pq @ self._poly
/Users/trinidad.borrell/Documents/Work/MARS-V/code/manifold-persona/manifold/tps.py:92: RuntimeWarning: invalid value encountered in matmul
  return Kq @ self._w + Pq @ self._poly
/Users/trinidad.borrell/Documents/Work/MARS-V/code/manifold-persona/manifold/tps.py:92: RuntimeWarning: divide by zero encountered in matmul
  return Kq @ self._w + Pq @ self._poly
/Users/trinidad.borrell/Documents/Work/MARS-V/code/manifold-persona/manifold/tps.py:92: RuntimeWarning: overflow encountered in matmul
  return Kq @ self._w + Pq @ self._poly
/Users/trinidad.borrell/Documents/Work/MARS-V/code/manifold-persona/manifold/tps.py:92: RuntimeWarning: invalid value encountered in matmul
  return Kq @ self._w + Pq @ self._poly
/Users/trinidad.borrell/Documents/Work/MARS-V/code/manifold-persona/manifold/tps.py:92: RuntimeWarning: divide by zero encountered in matmul
  return Kq @ self._w + Pq @ self._poly
/Users/trinidad.borrell/Documents/Work/MARS-V/code/manifold-persona/manifold/tps.py:92: RuntimeWarning: overflow encountered in matmul
  return Kq @ self._w + Pq @ self._poly
/Users/trinidad.borrell/Documents/Work/MARS-V/code/manifold-persona/manifold/tps.py:92: RuntimeWarning: invalid value encountered in matmul
  return Kq @ self._w + Pq @ self._poly
/Users/trinidad.borrell/Documents/Work/MARS-V/code/manifold-persona/manifold/tps.py:92: RuntimeWarning: divide by zero encountered in matmul
  return Kq @ self._w + Pq @ self._poly
/Users/trinidad.borrell/Documents/Work/MARS-V/code/manifold-persona/manifold/tps.py:92: RuntimeWarning: overflow encountered in matmul
  return Kq @ self._w + Pq @ self._poly
/Users/trinidad.borrell/Documents/Work/MARS-V/code/manifold-persona/manifold/tps.py:92: RuntimeWarning: invalid value encountered in matmul
  return Kq @ self._w + Pq @ self._poly
/Users/trinidad.borrell/Documents/Work/MARS-V/code/manifold-persona/manifold/tps.py:92: RuntimeWarning: divide by zero encountered in matmul
  return Kq @ self._w + Pq @ self._poly
/Users/trinidad.borrell/Documents/Work/MARS-V/code/manifold-persona/manifold/tps.py:92: RuntimeWarning: overflow encountered in matmul
  return Kq @ self._w + Pq @ self._poly
/Users/trinidad.borrell/Documents/Work/MARS-V/code/manifold-persona/manifold/tps.py:92: RuntimeWarning: invalid value encountered in matmul
  return Kq @ self._w + Pq @ self._poly
/Users/trinidad.borrell/Documents/Work/MARS-V/code/manifold-persona/manifold/tps.py:92: RuntimeWarning: divide by zero encountered in matmul
  return Kq @ self._w + Pq @ self._poly
/Users/trinidad.borrell/Documents/Work/MARS-V/code/manifold-persona/manifold/tps.py:92: RuntimeWarning: overflow encountered in matmul
  return Kq @ self._w + Pq @ self._poly
/Users/trinidad.borrell/Documents/Work/MARS-V/code/manifold-persona/manifold/tps.py:92: RuntimeWarning: invalid value encountered in matmul
  return Kq @ self._w + Pq @ self._poly
/Users/trinidad.borrell/Documents/Work/MARS-V/code/manifold-persona/manifold/tps.py:92: RuntimeWarning: divide by zero encountered in matmul
  return Kq @ self._w + Pq @ self._poly
/Users/trinidad.borrell/Documents/Work/MARS-V/code/manifold-persona/manifold/tps.py:92: RuntimeWarning: overflow encountered in matmul
  return Kq @ self._w + Pq @ self._poly
/Users/trinidad.borrell/Documents/Work/MARS-V/code/manifold-persona/manifold/tps.py:92: RuntimeWarning: invalid value encountered in matmul
  return Kq @ self._w + Pq @ self._poly
/Users/trinidad.borrell/Documents/Work/MARS-V/code/manifold-persona/manifold/tps.py:92: RuntimeWarning: divide by zero encountered in matmul
  return Kq @ self._w + Pq @ self._poly
/Users/trinidad.borrell/Documents/Work/MARS-V/code/manifold-persona/manifold/tps.py:92: RuntimeWarning: overflow encountered in matmul
  return Kq @ self._w + Pq @ self._poly
/Users/trinidad.borrell/Documents/Work/MARS-V/code/manifold-persona/manifold/tps.py:92: RuntimeWarning: invalid value encountered in matmul
  return Kq @ self._w + Pq @ self._poly
/Users/trinidad.borrell/Documents/Work/MARS-V/code/manifold-persona/manifold/tps.py:92: RuntimeWarning: divide by zero encountered in matmul
  return Kq @ self._w + Pq @ self._poly
/Users/trinidad.borrell/Documents/Work/MARS-V/code/manifold-persona/manifold/tps.py:92: RuntimeWarning: overflow encountered in matmul
  return Kq @ self._w + Pq @ self._poly
/Users/trinidad.borrell/Documents/Work/MARS-V/code/manifold-persona/manifold/tps.py:92: RuntimeWarning: invalid value encountered in matmul
  return Kq @ self._w + Pq @ self._poly
/Users/trinidad.borrell/Documents/Work/MARS-V/code/manifold-persona/manifold/tps.py:92: RuntimeWarning: divide by zero encountered in matmul
  return Kq @ self._w + Pq @ self._poly
/Users/trinidad.borrell/Documents/Work/MARS-V/code/manifold-persona/manifold/tps.py:92: RuntimeWarning: overflow encountered in matmul
  return Kq @ self._w + Pq @ self._poly
/Users/trinidad.borrell/Documents/Work/MARS-V/code/manifold-persona/manifold/tps.py:92: RuntimeWarning: invalid value encountered in matmul
  return Kq @ self._w + Pq @ self._poly
/Users/trinidad.borrell/Documents/Work/MARS-V/code/manifold-persona/manifold/tps.py:92: RuntimeWarning: divide by zero encountered in matmul
  return Kq @ self._w + Pq @ self._poly
/Users/trinidad.borrell/Documents/Work/MARS-V/code/manifold-persona/manifold/tps.py:92: RuntimeWarning: overflow encountered in matmul
  return Kq @ self._w + Pq @ self._poly
/Users/trinidad.borrell/Documents/Work/MARS-V/code/manifold-persona/manifold/tps.py:92: RuntimeWarning: invalid value encountered in matmul
  return Kq @ self._w + Pq @ self._poly
/Users/trinidad.borrell/Documents/Work/MARS-V/code/manifold-persona/manifold/tps.py:92: RuntimeWarning: divide by zero encountered in matmul
  return Kq @ self._w + Pq @ self._poly
/Users/trinidad.borrell/Documents/Work/MARS-V/code/manifold-persona/manifold/tps.py:92: RuntimeWarning: overflow encountered in matmul
  return Kq @ self._w + Pq @ self._poly
/Users/trinidad.borrell/Documents/Work/MARS-V/code/manifold-persona/manifold/tps.py:92: RuntimeWarning: invalid value encountered in matmul
  return Kq @ self._w + Pq @ self._poly
/Users/trinidad.borrell/Documents/Work/MARS-V/code/manifold-persona/manifold/tps.py:92: RuntimeWarning: divide by zero encountered in matmul
  return Kq @ self._w + Pq @ self._poly
/Users/trinidad.borrell/Documents/Work/MARS-V/code/manifold-persona/manifold/tps.py:92: RuntimeWarning: overflow encountered in matmul
  return Kq @ self._w + Pq @ self._poly
/Users/trinidad.borrell/Documents/Work/MARS-V/code/manifold-persona/manifold/tps.py:92: RuntimeWarning: invalid value encountered in matmul
  return Kq @ self._w + Pq @ self._poly
/Users/trinidad.borrell/Documents/Work/MARS-V/code/manifold-persona/manifold/tps.py:92: RuntimeWarning: divide by zero encountered in matmul
  return Kq @ self._w + Pq @ self._poly
/Users/trinidad.borrell/Documents/Work/MARS-V/code/manifold-persona/manifold/tps.py:92: RuntimeWarning: overflow encountered in matmul
  return Kq @ self._w + Pq @ self._poly
/Users/trinidad.borrell/Documents/Work/MARS-V/code/manifold-persona/manifold/tps.py:92: RuntimeWarning: invalid value encountered in matmul
  return Kq @ self._w + Pq @ self._poly
/Users/trinidad.borrell/Documents/Work/MARS-V/code/manifold-persona/manifold/tps.py:92: RuntimeWarning: divide by zero encountered in matmul
  return Kq @ self._w + Pq @ self._poly
/Users/trinidad.borrell/Documents/Work/MARS-V/code/manifold-persona/manifold/tps.py:92: RuntimeWarning: overflow encountered in matmul
  return Kq @ self._w + Pq @ self._poly
/Users/trinidad.borrell/Documents/Work/MARS-V/code/manifold-persona/manifold/tps.py:92: RuntimeWarning: invalid value encountered in matmul
  return Kq @ self._w + Pq @ self._poly
/Users/trinidad.borrell/Documents/Work/MARS-V/code/manifold-persona/manifold/tps.py:92: RuntimeWarning: divide by zero encountered in matmul
  return Kq @ self._w + Pq @ self._poly
/Users/trinidad.borrell/Documents/Work/MARS-V/code/manifold-persona/manifold/tps.py:92: RuntimeWarning: overflow encountered in matmul
  return Kq @ self._w + Pq @ self._poly
/Users/trinidad.borrell/Documents/Work/MARS-V/code/manifold-persona/manifold/tps.py:92: RuntimeWarning: invalid value encountered in matmul
  return Kq @ self._w + Pq @ self._poly
/Users/trinidad.borrell/Documents/Work/MARS-V/code/manifold-persona/manifold/tps.py:92: RuntimeWarning: divide by zero encountered in matmul
  return Kq @ self._w + Pq @ self._poly
/Users/trinidad.borrell/Documents/Work/MARS-V/code/manifold-persona/manifold/tps.py:92: RuntimeWarning: overflow encountered in matmul
  return Kq @ self._w + Pq @ self._poly
/Users/trinidad.borrell/Documents/Work/MARS-V/code/manifold-persona/manifold/tps.py:92: RuntimeWarning: invalid value encountered in matmul
  return Kq @ self._w + Pq @ self._poly
/Users/trinidad.borrell/Documents/Work/MARS-V/code/manifold-persona/manifold/tps.py:92: RuntimeWarning: divide by zero encountered in matmul
  return Kq @ self._w + Pq @ self._poly
/Users/trinidad.borrell/Documents/Work/MARS-V/code/manifold-persona/manifold/tps.py:92: RuntimeWarning: overflow encountered in matmul
  return Kq @ self._w + Pq @ self._poly
/Users/trinidad.borrell/Documents/Work/MARS-V/code/manifold-persona/manifold/tps.py:92: RuntimeWarning: invalid value encountered in matmul
  return Kq @ self._w + Pq @ self._poly
/Users/trinidad.borrell/Documents/Work/MARS-V/code/manifold-persona/manifold/tps.py:92: RuntimeWarning: divide by zero encountered in matmul
  return Kq @ self._w + Pq @ self._poly
/Users/trinidad.borrell/Documents/Work/MARS-V/code/manifold-persona/manifold/tps.py:92: RuntimeWarning: overflow encountered in matmul
  return Kq @ self._w + Pq @ self._poly
/Users/trinidad.borrell/Documents/Work/MARS-V/code/manifold-persona/manifold/tps.py:92: RuntimeWarning: invalid value encountered in matmul
  return Kq @ self._w + Pq @ self._poly
/Users/trinidad.borrell/Documents/Work/MARS-V/code/manifold-persona/manifold/tps.py:92: RuntimeWarning: divide by zero encountered in matmul
  return Kq @ self._w + Pq @ self._poly
/Users/trinidad.borrell/Documents/Work/MARS-V/code/manifold-persona/manifold/tps.py:92: RuntimeWarning: overflow encountered in matmul
  return Kq @ self._w + Pq @ self._poly
/Users/trinidad.borrell/Documents/Work/MARS-V/code/manifold-persona/manifold/tps.py:92: RuntimeWarning: invalid value encountered in matmul
  return Kq @ self._w + Pq @ self._poly
/Users/trinidad.borrell/Documents/Work/MARS-V/code/manifold-persona/manifold/tps.py:92: RuntimeWarning: divide by zero encountered in matmul
  return Kq @ self._w + Pq @ self._poly
/Users/trinidad.borrell/Documents/Work/MARS-V/code/manifold-persona/manifold/tps.py:92: RuntimeWarning: overflow encountered in matmul
  return Kq @ self._w + Pq @ self._poly
/Users/trinidad.borrell/Documents/Work/MARS-V/code/manifold-persona/manifold/tps.py:92: RuntimeWarning: invalid value encountered in matmul
  return Kq @ self._w + Pq @ self._poly
/Users/trinidad.borrell/Documents/Work/MARS-V/code/manifold-persona/manifold/tps.py:92: RuntimeWarning: divide by zero encountered in matmul
  return Kq @ self._w + Pq @ self._poly
/Users/trinidad.borrell/Documents/Work/MARS-V/code/manifold-persona/manifold/tps.py:92: RuntimeWarning: overflow encountered in matmul
  return Kq @ self._w + Pq @ self._poly
/Users/trinidad.borrell/Documents/Work/MARS-V/code/manifold-persona/manifold/tps.py:92: RuntimeWarning: invalid value encountered in matmul
  return Kq @ self._w + Pq @ self._poly
/Users/trinidad.borrell/Documents/Work/MARS-V/code/manifold-persona/manifold/tps.py:92: RuntimeWarning: divide by zero encountered in matmul
  return Kq @ self._w + Pq @ self._poly
/Users/trinidad.borrell/Documents/Work/MARS-V/code/manifold-persona/manifold/tps.py:92: RuntimeWarning: overflow encountered in matmul
  return Kq @ self._w + Pq @ self._poly
/Users/trinidad.borrell/Documents/Work/MARS-V/code/manifold-persona/manifold/tps.py:92: RuntimeWarning: invalid value encountered in matmul
  return Kq @ self._w + Pq @ self._poly
/Users/trinidad.borrell/Documents/Work/MARS-V/code/manifold-persona/manifold/tps.py:92: RuntimeWarning: divide by zero encountered in matmul
  return Kq @ self._w + Pq @ self._poly
/Users/trinidad.borrell/Documents/Work/MARS-V/code/manifold-persona/manifold/tps.py:92: RuntimeWarning: overflow encountered in matmul
  return Kq @ self._w + Pq @ self._poly
/Users/trinidad.borrell/Documents/Work/MARS-V/code/manifold-persona/manifold/tps.py:92: RuntimeWarning: invalid value encountered in matmul
  return Kq @ self._w + Pq @ self._poly
/Users/trinidad.borrell/Documents/Work/MARS-V/code/manifold-persona/manifold/tps.py:92: RuntimeWarning: divide by zero encountered in matmul
  return Kq @ self._w + Pq @ self._poly
/Users/trinidad.borrell/Documents/Work/MARS-V/code/manifold-persona/manifold/tps.py:92: RuntimeWarning: overflow encountered in matmul
  return Kq @ self._w + Pq @ self._poly
/Users/trinidad.borrell/Documents/Work/MARS-V/code/manifold-persona/manifold/tps.py:92: RuntimeWarning: invalid value encountered in matmul
  return Kq @ self._w + Pq @ self._poly
/Users/trinidad.borrell/Documents/Work/MARS-V/code/manifold-persona/manifold/tps.py:92: RuntimeWarning: divide by zero encountered in matmul
  return Kq @ self._w + Pq @ self._poly
/Users/trinidad.borrell/Documents/Work/MARS-V/code/manifold-persona/manifold/tps.py:92: RuntimeWarning: overflow encountered in matmul
  return Kq @ self._w + Pq @ self._poly
/Users/trinidad.borrell/Documents/Work/MARS-V/code/manifold-persona/manifold/tps.py:92: RuntimeWarning: invalid value encountered in matmul
  return Kq @ self._w + Pq @ self._poly
/Users/trinidad.borrell/Documents/Work/MARS-V/code/manifold-persona/manifold/tps.py:92: RuntimeWarning: divide by zero encountered in matmul
  return Kq @ self._w + Pq @ self._poly
/Users/trinidad.borrell/Documents/Work/MARS-V/code/manifold-persona/manifold/tps.py:92: RuntimeWarning: overflow encountered in matmul
  return Kq @ self._w + Pq @ self._poly
/Users/trinidad.borrell/Documents/Work/MARS-V/code/manifold-persona/manifold/tps.py:92: RuntimeWarning: invalid value encountered in matmul
  return Kq @ self._w + Pq @ self._poly
/Users/trinidad.borrell/Documents/Work/MARS-V/code/manifold-persona/manifold/tps.py:92: RuntimeWarning: divide by zero encountered in matmul
  return Kq @ self._w + Pq @ self._poly
/Users/trinidad.borrell/Documents/Work/MARS-V/code/manifold-persona/manifold/tps.py:92: RuntimeWarning: overflow encountered in matmul
  return Kq @ self._w + Pq @ self._poly
/Users/trinidad.borrell/Documents/Work/MARS-V/code/manifold-persona/manifold/tps.py:92: RuntimeWarning: invalid value encountered in matmul
  return Kq @ self._w + Pq @ self._poly
/Users/trinidad.borrell/Documents/Work/MARS-V/code/manifold-persona/manifold/tps.py:92: RuntimeWarning: divide by zero encountered in matmul
  return Kq @ self._w + Pq @ self._poly
/Users/trinidad.borrell/Documents/Work/MARS-V/code/manifold-persona/manifold/tps.py:92: RuntimeWarning: overflow encountered in matmul
  return Kq @ self._w + Pq @ self._poly
/Users/trinidad.borrell/Documents/Work/MARS-V/code/manifold-persona/manifold/tps.py:92: RuntimeWarning: invalid value encountered in matmul
  return Kq @ self._w + Pq @ self._poly
/Users/trinidad.borrell/Documents/Work/MARS-V/code/manifold-persona/manifold/tps.py:92: RuntimeWarning: divide by zero encountered in matmul
  return Kq @ self._w + Pq @ self._poly
/Users/trinidad.borrell/Documents/Work/MARS-V/code/manifold-persona/manifold/tps.py:92: RuntimeWarning: overflow encountered in matmul
  return Kq @ self._w + Pq @ self._poly
/Users/trinidad.borrell/Documents/Work/MARS-V/code/manifold-persona/manifold/tps.py:92: RuntimeWarning: invalid value encountered in matmul
  return Kq @ self._w + Pq @ self._poly
/Users/trinidad.borrell/Documents/Work/MARS-V/code/manifold-persona/manifold/tps.py:92: RuntimeWarning: divide by zero encountered in matmul
  return Kq @ self._w + Pq @ self._poly
/Users/trinidad.borrell/Documents/Work/MARS-V/code/manifold-persona/manifold/tps.py:92: RuntimeWarning: overflow encountered in matmul
  return Kq @ self._w + Pq @ self._poly
/Users/trinidad.borrell/Documents/Work/MARS-V/code/manifold-persona/manifold/tps.py:92: RuntimeWarning: invalid value encountered in matmul
  return Kq @ self._w + Pq @ self._poly
/Users/trinidad.borrell/Documents/Work/MARS-V/code/manifold-persona/manifold/tps.py:92: RuntimeWarning: divide by zero encountered in matmul
  return Kq @ self._w + Pq @ self._poly
/Users/trinidad.borrell/Documents/Work/MARS-V/code/manifold-persona/manifold/tps.py:92: RuntimeWarning: overflow encountered in matmul
  return Kq @ self._w + Pq @ self._poly
/Users/trinidad.borrell/Documents/Work/MARS-V/code/manifold-persona/manifold/tps.py:92: RuntimeWarning: invalid value encountered in matmul
  return Kq @ self._w + Pq @ self._poly
/Users/trinidad.borrell/Documents/Work/MARS-V/code/manifold-persona/manifold/tps.py:92: RuntimeWarning: divide by zero encountered in matmul
  return Kq @ self._w + Pq @ self._poly
/Users/trinidad.borrell/Documents/Work/MARS-V/code/manifold-persona/manifold/tps.py:92: RuntimeWarning: overflow encountered in matmul
  return Kq @ self._w + Pq @ self._poly
/Users/trinidad.borrell/Documents/Work/MARS-V/code/manifold-persona/manifold/tps.py:92: RuntimeWarning: invalid value encountered in matmul
  return Kq @ self._w + Pq @ self._poly
/Users/trinidad.borrell/Documents/Work/MARS-V/code/manifold-persona/manifold/tps.py:92: RuntimeWarning: divide by zero encountered in matmul
  return Kq @ self._w + Pq @ self._poly
/Users/trinidad.borrell/Documents/Work/MARS-V/code/manifold-persona/manifold/tps.py:92: RuntimeWarning: overflow encountered in matmul
  return Kq @ self._w + Pq @ self._poly
/Users/trinidad.borrell/Documents/Work/MARS-V/code/manifold-persona/manifold/tps.py:92: RuntimeWarning: invalid value encountered in matmul
  return Kq @ self._w + Pq @ self._poly
/Users/trinidad.borrell/Documents/Work/MARS-V/code/manifold-persona/manifold/tps.py:92: RuntimeWarning: divide by zero encountered in matmul
  return Kq @ self._w + Pq @ self._poly
/Users/trinidad.borrell/Documents/Work/MARS-V/code/manifold-persona/manifold/tps.py:92: RuntimeWarning: overflow encountered in matmul
  return Kq @ self._w + Pq @ self._poly
/Users/trinidad.borrell/Documents/Work/MARS-V/code/manifold-persona/manifold/tps.py:92: RuntimeWarning: invalid value encountered in matmul
  return Kq @ self._w + Pq @ self._poly
/Users/trinidad.borrell/Documents/Work/MARS-V/code/manifold-persona/manifold/tps.py:92: RuntimeWarning: divide by zero encountered in matmul
  return Kq @ self._w + Pq @ self._poly
/Users/trinidad.borrell/Documents/Work/MARS-V/code/manifold-persona/manifold/tps.py:92: RuntimeWarning: overflow encountered in matmul
  return Kq @ self._w + Pq @ self._poly
/Users/trinidad.borrell/Documents/Work/MARS-V/code/manifold-persona/manifold/tps.py:92: RuntimeWarning: invalid value encountered in matmul
  return Kq @ self._w + Pq @ self._poly
/Users/trinidad.borrell/Documents/Work/MARS-V/code/manifold-persona/manifold/tps.py:92: RuntimeWarning: divide by zero encountered in matmul
  return Kq @ self._w + Pq @ self._poly
/Users/trinidad.borrell/Documents/Work/MARS-V/code/manifold-persona/manifold/tps.py:92: RuntimeWarning: overflow encountered in matmul
  return Kq @ self._w + Pq @ self._poly
/Users/trinidad.borrell/Documents/Work/MARS-V/code/manifold-persona/manifold/tps.py:92: RuntimeWarning: invalid value encountered in matmul
  return Kq @ self._w + Pq @ self._poly
/Users/trinidad.borrell/Documents/Work/MARS-V/code/manifold-persona/manifold/tps.py:92: RuntimeWarning: divide by zero encountered in matmul
  return Kq @ self._w + Pq @ self._poly
/Users/trinidad.borrell/Documents/Work/MARS-V/code/manifold-persona/manifold/tps.py:92: RuntimeWarning: overflow encountered in matmul
  return Kq @ self._w + Pq @ self._poly
/Users/trinidad.borrell/Documents/Work/MARS-V/code/manifold-persona/manifold/tps.py:92: RuntimeWarning: invalid value encountered in matmul
  return Kq @ self._w + Pq @ self._poly
/Users/trinidad.borrell/Documents/Work/MARS-V/code/manifold-persona/manifold/tps.py:92: RuntimeWarning: divide by zero encountered in matmul
  return Kq @ self._w + Pq @ self._poly
/Users/trinidad.borrell/Documents/Work/MARS-V/code/manifold-persona/manifold/tps.py:92: RuntimeWarning: overflow encountered in matmul
  return Kq @ self._w + Pq @ self._poly
/Users/trinidad.borrell/Documents/Work/MARS-V/code/manifold-persona/manifold/tps.py:92: RuntimeWarning: invalid value encountered in matmul
  return Kq @ self._w + Pq @ self._poly
/Users/trinidad.borrell/Documents/Work/MARS-V/code/manifold-persona/manifold/tps.py:92: RuntimeWarning: divide by zero encountered in matmul
  return Kq @ self._w + Pq @ self._poly
/Users/trinidad.borrell/Documents/Work/MARS-V/code/manifold-persona/manifold/tps.py:92: RuntimeWarning: overflow encountered in matmul
  return Kq @ self._w + Pq @ self._poly
/Users/trinidad.borrell/Documents/Work/MARS-V/code/manifold-persona/manifold/tps.py:92: RuntimeWarning: invalid value encountered in matmul
  return Kq @ self._w + Pq @ self._poly
/Users/trinidad.borrell/Documents/Work/MARS-V/code/manifold-persona/manifold/tps.py:92: RuntimeWarning: divide by zero encountered in matmul
  return Kq @ self._w + Pq @ self._poly
/Users/trinidad.borrell/Documents/Work/MARS-V/code/manifold-persona/manifold/tps.py:92: RuntimeWarning: overflow encountered in matmul
  return Kq @ self._w + Pq @ self._poly
/Users/trinidad.borrell/Documents/Work/MARS-V/code/manifold-persona/manifold/tps.py:92: RuntimeWarning: invalid value encountered in matmul
  return Kq @ self._w + Pq @ self._poly
/Users/trinidad.borrell/Documents/Work/MARS-V/code/manifold-persona/manifold/tps.py:92: RuntimeWarning: divide by zero encountered in matmul
  return Kq @ self._w + Pq @ self._poly
/Users/trinidad.borrell/Documents/Work/MARS-V/code/manifold-persona/manifold/tps.py:92: RuntimeWarning: overflow encountered in matmul
  return Kq @ self._w + Pq @ self._poly
/Users/trinidad.borrell/Documents/Work/MARS-V/code/manifold-persona/manifold/tps.py:92: RuntimeWarning: invalid value encountered in matmul
  return Kq @ self._w + Pq @ self._poly
/Users/trinidad.borrell/Documents/Work/MARS-V/code/manifold-persona/manifold/tps.py:92: RuntimeWarning: divide by zero encountered in matmul
  return Kq @ self._w + Pq @ self._poly
/Users/trinidad.borrell/Documents/Work/MARS-V/code/manifold-persona/manifold/tps.py:92: RuntimeWarning: overflow encountered in matmul
  return Kq @ self._w + Pq @ self._poly
/Users/trinidad.borrell/Documents/Work/MARS-V/code/manifold-persona/manifold/tps.py:92: RuntimeWarning: invalid value encountered in matmul
  return Kq @ self._w + Pq @ self._poly
/Users/trinidad.borrell/Documents/Work/MARS-V/code/manifold-persona/manifold/tps.py:92: RuntimeWarning: divide by zero encountered in matmul
  return Kq @ self._w + Pq @ self._poly
/Users/trinidad.borrell/Documents/Work/MARS-V/code/manifold-persona/manifold/tps.py:92: RuntimeWarning: overflow encountered in matmul
  return Kq @ self._w + Pq @ self._poly
/Users/trinidad.borrell/Documents/Work/MARS-V/code/manifold-persona/manifold/tps.py:92: RuntimeWarning: invalid value encountered in matmul
  return Kq @ self._w + Pq @ self._poly
/Users/trinidad.borrell/Documents/Work/MARS-V/code/manifold-persona/manifold/tps.py:92: RuntimeWarning: divide by zero encountered in matmul
  return Kq @ self._w + Pq @ self._poly
/Users/trinidad.borrell/Documents/Work/MARS-V/code/manifold-persona/manifold/tps.py:92: RuntimeWarning: overflow encountered in matmul
  return Kq @ self._w + Pq @ self._poly
/Users/trinidad.borrell/Documents/Work/MARS-V/code/manifold-persona/manifold/tps.py:92: RuntimeWarning: invalid value encountered in matmul
  return Kq @ self._w + Pq @ self._poly
/Users/trinidad.borrell/Documents/Work/MARS-V/code/manifold-persona/manifold/tps.py:92: RuntimeWarning: divide by zero encountered in matmul
  return Kq @ self._w + Pq @ self._poly
/Users/trinidad.borrell/Documents/Work/MARS-V/code/manifold-persona/manifold/tps.py:92: RuntimeWarning: overflow encountered in matmul
  return Kq @ self._w + Pq @ self._poly
/Users/trinidad.borrell/Documents/Work/MARS-V/code/manifold-persona/manifold/tps.py:92: RuntimeWarning: invalid value encountered in matmul
  return Kq @ self._w + Pq @ self._poly
/Users/trinidad.borrell/Documents/Work/MARS-V/code/manifold-persona/manifold/tps.py:92: RuntimeWarning: divide by zero encountered in matmul
  return Kq @ self._w + Pq @ self._poly
/Users/trinidad.borrell/Documents/Work/MARS-V/code/manifold-persona/manifold/tps.py:92: RuntimeWarning: overflow encountered in matmul
  return Kq @ self._w + Pq @ self._poly
/Users/trinidad.borrell/Documents/Work/MARS-V/code/manifold-persona/manifold/tps.py:92: RuntimeWarning: invalid value encountered in matmul
  return Kq @ self._w + Pq @ self._poly
/Users/trinidad.borrell/Documents/Work/MARS-V/code/manifold-persona/manifold/tps.py:92: RuntimeWarning: divide by zero encountered in matmul
  return Kq @ self._w + Pq @ self._poly
/Users/trinidad.borrell/Documents/Work/MARS-V/code/manifold-persona/manifold/tps.py:92: RuntimeWarning: overflow encountered in matmul
  return Kq @ self._w + Pq @ self._poly
/Users/trinidad.borrell/Documents/Work/MARS-V/code/manifold-persona/manifold/tps.py:92: RuntimeWarning: invalid value encountered in matmul
  return Kq @ self._w + Pq @ self._poly
/Users/trinidad.borrell/Documents/Work/MARS-V/code/manifold-persona/manifold/tps.py:92: RuntimeWarning: divide by zero encountered in matmul
  return Kq @ self._w + Pq @ self._poly
/Users/trinidad.borrell/Documents/Work/MARS-V/code/manifold-persona/manifold/tps.py:92: RuntimeWarning: overflow encountered in matmul
  return Kq @ self._w + Pq @ self._poly
/Users/trinidad.borrell/Documents/Work/MARS-V/code/manifold-persona/manifold/tps.py:92: RuntimeWarning: invalid value encountered in matmul
  return Kq @ self._w + Pq @ self._poly
/Users/trinidad.borrell/Documents/Work/MARS-V/code/manifold-persona/manifold/tps.py:92: RuntimeWarning: divide by zero encountered in matmul
  return Kq @ self._w + Pq @ self._poly
/Users/trinidad.borrell/Documents/Work/MARS-V/code/manifold-persona/manifold/tps.py:92: RuntimeWarning: overflow encountered in matmul
  return Kq @ self._w + Pq @ self._poly
/Users/trinidad.borrell/Documents/Work/MARS-V/code/manifold-persona/manifold/tps.py:92: RuntimeWarning: invalid value encountered in matmul
  return Kq @ self._w + Pq @ self._poly
/Users/trinidad.borrell/Documents/Work/MARS-V/code/manifold-persona/manifold/tps.py:92: RuntimeWarning: divide by zero encountered in matmul
  return Kq @ self._w + Pq @ self._poly
/Users/trinidad.borrell/Documents/Work/MARS-V/code/manifold-persona/manifold/tps.py:92: RuntimeWarning: overflow encountered in matmul
  return Kq @ self._w + Pq @ self._poly
/Users/trinidad.borrell/Documents/Work/MARS-V/code/manifold-persona/manifold/tps.py:92: RuntimeWarning: invalid value encountered in matmul
  return Kq @ self._w + Pq @ self._poly
/Users/trinidad.borrell/Documents/Work/MARS-V/code/manifold-persona/manifold/tps.py:92: RuntimeWarning: divide by zero encountered in matmul
  return Kq @ self._w + Pq @ self._poly
/Users/trinidad.borrell/Documents/Work/MARS-V/code/manifold-persona/manifold/tps.py:92: RuntimeWarning: overflow encountered in matmul
  return Kq @ self._w + Pq @ self._poly
/Users/trinidad.borrell/Documents/Work/MARS-V/code/manifold-persona/manifold/tps.py:92: RuntimeWarning: invalid value encountered in matmul
  return Kq @ self._w + Pq @ self._poly
/Users/trinidad.borrell/Documents/Work/MARS-V/code/manifold-persona/manifold/tps.py:92: RuntimeWarning: divide by zero encountered in matmul
  return Kq @ self._w + Pq @ self._poly
/Users/trinidad.borrell/Documents/Work/MARS-V/code/manifold-persona/manifold/tps.py:92: RuntimeWarning: overflow encountered in matmul
  return Kq @ self._w + Pq @ self._poly
/Users/trinidad.borrell/Documents/Work/MARS-V/code/manifold-persona/manifold/tps.py:92: RuntimeWarning: invalid value encountered in matmul
  return Kq @ self._w + Pq @ self._poly
/Users/trinidad.borrell/Documents/Work/MARS-V/code/manifold-persona/manifold/tps.py:92: RuntimeWarning: divide by zero encountered in matmul
  return Kq @ self._w + Pq @ self._poly
/Users/trinidad.borrell/Documents/Work/MARS-V/code/manifold-persona/manifold/tps.py:92: RuntimeWarning: overflow encountered in matmul
  return Kq @ self._w + Pq @ self._poly
/Users/trinidad.borrell/Documents/Work/MARS-V/code/manifold-persona/manifold/tps.py:92: RuntimeWarning: invalid value encountered in matmul
  return Kq @ self._w + Pq @ self._poly
/Users/trinidad.borrell/Documents/Work/MARS-V/code/manifold-persona/manifold/tps.py:92: RuntimeWarning: divide by zero encountered in matmul
  return Kq @ self._w + Pq @ self._poly
/Users/trinidad.borrell/Documents/Work/MARS-V/code/manifold-persona/manifold/tps.py:92: RuntimeWarning: overflow encountered in matmul
  return Kq @ self._w + Pq @ self._poly
/Users/trinidad.borrell/Documents/Work/MARS-V/code/manifold-persona/manifold/tps.py:92: RuntimeWarning: invalid value encountered in matmul
  return Kq @ self._w + Pq @ self._poly
/Users/trinidad.borrell/Documents/Work/MARS-V/code/manifold-persona/manifold/tps.py:92: RuntimeWarning: divide by zero encountered in matmul
  return Kq @ self._w + Pq @ self._poly
/Users/trinidad.borrell/Documents/Work/MARS-V/code/manifold-persona/manifold/tps.py:92: RuntimeWarning: overflow encountered in matmul
  return Kq @ self._w + Pq @ self._poly
/Users/trinidad.borrell/Documents/Work/MARS-V/code/manifold-persona/manifold/tps.py:92: RuntimeWarning: invalid value encountered in matmul
  return Kq @ self._w + Pq @ self._poly
/Users/trinidad.borrell/Documents/Work/MARS-V/code/manifold-persona/manifold/tps.py:92: RuntimeWarning: divide by zero encountered in matmul
  return Kq @ self._w + Pq @ self._poly
/Users/trinidad.borrell/Documents/Work/MARS-V/code/manifold-persona/manifold/tps.py:92: RuntimeWarning: overflow encountered in matmul
  return Kq @ self._w + Pq @ self._poly
/Users/trinidad.borrell/Documents/Work/MARS-V/code/manifold-persona/manifold/tps.py:92: RuntimeWarning: invalid value encountered in matmul
  return Kq @ self._w + Pq @ self._poly
/Users/trinidad.borrell/Documents/Work/MARS-V/code/manifold-persona/manifold/tps.py:92: RuntimeWarning: divide by zero encountered in matmul
  return Kq @ self._w + Pq @ self._poly
/Users/trinidad.borrell/Documents/Work/MARS-V/code/manifold-persona/manifold/tps.py:92: RuntimeWarning: overflow encountered in matmul
  return Kq @ self._w + Pq @ self._poly
/Users/trinidad.borrell/Documents/Work/MARS-V/code/manifold-persona/manifold/tps.py:92: RuntimeWarning: invalid value encountered in matmul
  return Kq @ self._w + Pq @ self._poly
/Users/trinidad.borrell/Documents/Work/MARS-V/code/manifold-persona/manifold/tps.py:92: RuntimeWarning: divide by zero encountered in matmul
  return Kq @ self._w + Pq @ self._poly
/Users/trinidad.borrell/Documents/Work/MARS-V/code/manifold-persona/manifold/tps.py:92: RuntimeWarning: overflow encountered in matmul
  return Kq @ self._w + Pq @ self._poly
/Users/trinidad.borrell/Documents/Work/MARS-V/code/manifold-persona/manifold/tps.py:92: RuntimeWarning: invalid value encountered in matmul
  return Kq @ self._w + Pq @ self._poly
/Users/trinidad.borrell/Documents/Work/MARS-V/code/manifold-persona/manifold/tps.py:92: RuntimeWarning: divide by zero encountered in matmul
  return Kq @ self._w + Pq @ self._poly
/Users/trinidad.borrell/Documents/Work/MARS-V/code/manifold-persona/manifold/tps.py:92: RuntimeWarning: overflow encountered in matmul
  return Kq @ self._w + Pq @ self._poly
/Users/trinidad.borrell/Documents/Work/MARS-V/code/manifold-persona/manifold/tps.py:92: RuntimeWarning: invalid value encountered in matmul
  return Kq @ self._w + Pq @ self._poly
/Users/trinidad.borrell/Documents/Work/MARS-V/code/manifold-persona/manifold/tps.py:92: RuntimeWarning: divide by zero encountered in matmul
  return Kq @ self._w + Pq @ self._poly
/Users/trinidad.borrell/Documents/Work/MARS-V/code/manifold-persona/manifold/tps.py:92: RuntimeWarning: overflow encountered in matmul
  return Kq @ self._w + Pq @ self._poly
/Users/trinidad.borrell/Documents/Work/MARS-V/code/manifold-persona/manifold/tps.py:92: RuntimeWarning: invalid value encountered in matmul
  return Kq @ self._w + Pq @ self._poly
/Users/trinidad.borrell/Documents/Work/MARS-V/code/manifold-persona/manifold/tps.py:92: RuntimeWarning: divide by zero encountered in matmul
  return Kq @ self._w + Pq @ self._poly
/Users/trinidad.borrell/Documents/Work/MARS-V/code/manifold-persona/manifold/tps.py:92: RuntimeWarning: overflow encountered in matmul
  return Kq @ self._w + Pq @ self._poly
/Users/trinidad.borrell/Documents/Work/MARS-V/code/manifold-persona/manifold/tps.py:92: RuntimeWarning: invalid value encountered in matmul
  return Kq @ self._w + Pq @ self._poly
/Users/trinidad.borrell/Documents/Work/MARS-V/code/manifold-persona/manifold/tps.py:92: RuntimeWarning: divide by zero encountered in matmul
  return Kq @ self._w + Pq @ self._poly
/Users/trinidad.borrell/Documents/Work/MARS-V/code/manifold-persona/manifold/tps.py:92: RuntimeWarning: overflow encountered in matmul
  return Kq @ self._w + Pq @ self._poly
/Users/trinidad.borrell/Documents/Work/MARS-V/code/manifold-persona/manifold/tps.py:92: RuntimeWarning: invalid value encountered in matmul
  return Kq @ self._w + Pq @ self._poly
/Users/trinidad.borrell/Documents/Work/MARS-V/code/manifold-persona/manifold/tps.py:92: RuntimeWarning: divide by zero encountered in matmul
  return Kq @ self._w + Pq @ self._poly
/Users/trinidad.borrell/Documents/Work/MARS-V/code/manifold-persona/manifold/tps.py:92: RuntimeWarning: overflow encountered in matmul
  return Kq @ self._w + Pq @ self._poly
/Users/trinidad.borrell/Documents/Work/MARS-V/code/manifold-persona/manifold/tps.py:92: RuntimeWarning: invalid value encountered in matmul
  return Kq @ self._w + Pq @ self._poly
/Users/trinidad.borrell/Documents/Work/MARS-V/code/manifold-persona/manifold/tps.py:92: RuntimeWarning: divide by zero encountered in matmul
  return Kq @ self._w + Pq @ self._poly
/Users/trinidad.borrell/Documents/Work/MARS-V/code/manifold-persona/manifold/tps.py:92: RuntimeWarning: overflow encountered in matmul
  return Kq @ self._w + Pq @ self._poly
/Users/trinidad.borrell/Documents/Work/MARS-V/code/manifold-persona/manifold/tps.py:92: RuntimeWarning: invalid value encountered in matmul
  return Kq @ self._w + Pq @ self._poly
/Users/trinidad.borrell/Documents/Work/MARS-V/code/manifold-persona/manifold/tps.py:92: RuntimeWarning: divide by zero encountered in matmul
  return Kq @ self._w + Pq @ self._poly
/Users/trinidad.borrell/Documents/Work/MARS-V/code/manifold-persona/manifold/tps.py:92: RuntimeWarning: overflow encountered in matmul
  return Kq @ self._w + Pq @ self._poly
/Users/trinidad.borrell/Documents/Work/MARS-V/code/manifold-persona/manifold/tps.py:92: RuntimeWarning: invalid value encountered in matmul
  return Kq @ self._w + Pq @ self._poly
/Users/trinidad.borrell/Documents/Work/MARS-V/code/manifold-persona/manifold/tps.py:92: RuntimeWarning: divide by zero encountered in matmul
  return Kq @ self._w + Pq @ self._poly
/Users/trinidad.borrell/Documents/Work/MARS-V/code/manifold-persona/manifold/tps.py:92: RuntimeWarning: overflow encountered in matmul
  return Kq @ self._w + Pq @ self._poly
/Users/trinidad.borrell/Documents/Work/MARS-V/code/manifold-persona/manifold/tps.py:92: RuntimeWarning: invalid value encountered in matmul
  return Kq @ self._w + Pq @ self._poly
/Users/trinidad.borrell/Documents/Work/MARS-V/code/manifold-persona/manifold/tps.py:92: RuntimeWarning: divide by zero encountered in matmul
  return Kq @ self._w + Pq @ self._poly
/Users/trinidad.borrell/Documents/Work/MARS-V/code/manifold-persona/manifold/tps.py:92: RuntimeWarning: overflow encountered in matmul
  return Kq @ self._w + Pq @ self._poly
/Users/trinidad.borrell/Documents/Work/MARS-V/code/manifold-persona/manifold/tps.py:92: RuntimeWarning: invalid value encountered in matmul
  return Kq @ self._w + Pq @ self._poly
/Users/trinidad.borrell/Documents/Work/MARS-V/code/manifold-persona/manifold/tps.py:92: RuntimeWarning: divide by zero encountered in matmul
  return Kq @ self._w + Pq @ self._poly
/Users/trinidad.borrell/Documents/Work/MARS-V/code/manifold-persona/manifold/tps.py:92: RuntimeWarning: overflow encountered in matmul
  return Kq @ self._w + Pq @ self._poly
/Users/trinidad.borrell/Documents/Work/MARS-V/code/manifold-persona/manifold/tps.py:92: RuntimeWarning: invalid value encountered in matmul
  return Kq @ self._w + Pq @ self._poly
/Users/trinidad.borrell/Documents/Work/MARS-V/code/manifold-persona/manifold/tps.py:92: RuntimeWarning: divide by zero encountered in matmul
  return Kq @ self._w + Pq @ self._poly
/Users/trinidad.borrell/Documents/Work/MARS-V/code/manifold-persona/manifold/tps.py:92: RuntimeWarning: overflow encountered in matmul
  return Kq @ self._w + Pq @ self._poly
/Users/trinidad.borrell/Documents/Work/MARS-V/code/manifold-persona/manifold/tps.py:92: RuntimeWarning: invalid value encountered in matmul
  return Kq @ self._w + Pq @ self._poly
/Users/trinidad.borrell/Documents/Work/MARS-V/code/manifold-persona/manifold/tps.py:92: RuntimeWarning: divide by zero encountered in matmul
  return Kq @ self._w + Pq @ self._poly
/Users/trinidad.borrell/Documents/Work/MARS-V/code/manifold-persona/manifold/tps.py:92: RuntimeWarning: overflow encountered in matmul
  return Kq @ self._w + Pq @ self._poly
/Users/trinidad.borrell/Documents/Work/MARS-V/code/manifold-persona/manifold/tps.py:92: RuntimeWarning: invalid value encountered in matmul
  return Kq @ self._w + Pq @ self._poly
/Users/trinidad.borrell/Documents/Work/MARS-V/code/manifold-persona/manifold/tps.py:92: RuntimeWarning: divide by zero encountered in matmul
  return Kq @ self._w + Pq @ self._poly
/Users/trinidad.borrell/Documents/Work/MARS-V/code/manifold-persona/manifold/tps.py:92: RuntimeWarning: overflow encountered in matmul
  return Kq @ self._w + Pq @ self._poly
/Users/trinidad.borrell/Documents/Work/MARS-V/code/manifold-persona/manifold/tps.py:92: RuntimeWarning: invalid value encountered in matmul
  return Kq @ self._w + Pq @ self._poly
/Users/trinidad.borrell/Documents/Work/MARS-V/code/manifold-persona/manifold/tps.py:92: RuntimeWarning: divide by zero encountered in matmul
  return Kq @ self._w + Pq @ self._poly
/Users/trinidad.borrell/Documents/Work/MARS-V/code/manifold-persona/manifold/tps.py:92: RuntimeWarning: overflow encountered in matmul
  return Kq @ self._w + Pq @ self._poly
/Users/trinidad.borrell/Documents/Work/MARS-V/code/manifold-persona/manifold/tps.py:92: RuntimeWarning: invalid value encountered in matmul
  return Kq @ self._w + Pq @ self._poly
/Users/trinidad.borrell/Documents/Work/MARS-V/code/manifold-persona/manifold/tps.py:92: RuntimeWarning: divide by zero encountered in matmul
  return Kq @ self._w + Pq @ self._poly
/Users/trinidad.borrell/Documents/Work/MARS-V/code/manifold-persona/manifold/tps.py:92: RuntimeWarning: overflow encountered in matmul
  return Kq @ self._w + Pq @ self._poly
/Users/trinidad.borrell/Documents/Work/MARS-V/code/manifold-persona/manifold/tps.py:92: RuntimeWarning: invalid value encountered in matmul
  return Kq @ self._w + Pq @ self._poly
/Users/trinidad.borrell/Documents/Work/MARS-V/code/manifold-persona/manifold/tps.py:92: RuntimeWarning: divide by zero encountered in matmul
  return Kq @ self._w + Pq @ self._poly
/Users/trinidad.borrell/Documents/Work/MARS-V/code/manifold-persona/manifold/tps.py:92: RuntimeWarning: overflow encountered in matmul
  return Kq @ self._w + Pq @ self._poly
/Users/trinidad.borrell/Documents/Work/MARS-V/code/manifold-persona/manifold/tps.py:92: RuntimeWarning: invalid value encountered in matmul
  return Kq @ self._w + Pq @ self._poly
/Users/trinidad.borrell/Documents/Work/MARS-V/code/manifold-persona/manifold/tps.py:92: RuntimeWarning: divide by zero encountered in matmul
  return Kq @ self._w + Pq @ self._poly
/Users/trinidad.borrell/Documents/Work/MARS-V/code/manifold-persona/manifold/tps.py:92: RuntimeWarning: overflow encountered in matmul
  return Kq @ self._w + Pq @ self._poly
/Users/trinidad.borrell/Documents/Work/MARS-V/code/manifold-persona/manifold/tps.py:92: RuntimeWarning: invalid value encountered in matmul
  return Kq @ self._w + Pq @ self._poly
/Users/trinidad.borrell/Documents/Work/MARS-V/code/manifold-persona/manifold/tps.py:92: RuntimeWarning: divide by zero encountered in matmul
  return Kq @ self._w + Pq @ self._poly
/Users/trinidad.borrell/Documents/Work/MARS-V/code/manifold-persona/manifold/tps.py:92: RuntimeWarning: overflow encountered in matmul
  return Kq @ self._w + Pq @ self._poly
/Users/trinidad.borrell/Documents/Work/MARS-V/code/manifold-persona/manifold/tps.py:92: RuntimeWarning: invalid value encountered in matmul
  return Kq @ self._w + Pq @ self._poly
/Users/trinidad.borrell/Documents/Work/MARS-V/code/manifold-persona/manifold/tps.py:92: RuntimeWarning: divide by zero encountered in matmul
  return Kq @ self._w + Pq @ self._poly
/Users/trinidad.borrell/Documents/Work/MARS-V/code/manifold-persona/manifold/tps.py:92: RuntimeWarning: overflow encountered in matmul
  return Kq @ self._w + Pq @ self._poly
/Users/trinidad.borrell/Documents/Work/MARS-V/code/manifold-persona/manifold/tps.py:92: RuntimeWarning: invalid value encountered in matmul
  return Kq @ self._w + Pq @ self._poly
/Users/trinidad.borrell/Documents/Work/MARS-V/code/manifold-persona/manifold/tps.py:92: RuntimeWarning: divide by zero encountered in matmul
  return Kq @ self._w + Pq @ self._poly
/Users/trinidad.borrell/Documents/Work/MARS-V/code/manifold-persona/manifold/tps.py:92: RuntimeWarning: overflow encountered in matmul
  return Kq @ self._w + Pq @ self._poly
/Users/trinidad.borrell/Documents/Work/MARS-V/code/manifold-persona/manifold/tps.py:92: RuntimeWarning: invalid value encountered in matmul
  return Kq @ self._w + Pq @ self._poly
/Users/trinidad.borrell/Documents/Work/MARS-V/code/manifold-persona/manifold/tps.py:92: RuntimeWarning: divide by zero encountered in matmul
  return Kq @ self._w + Pq @ self._poly
/Users/trinidad.borrell/Documents/Work/MARS-V/code/manifold-persona/manifold/tps.py:92: RuntimeWarning: overflow encountered in matmul
  return Kq @ self._w + Pq @ self._poly
/Users/trinidad.borrell/Documents/Work/MARS-V/code/manifold-persona/manifold/tps.py:92: RuntimeWarning: invalid value encountered in matmul
  return Kq @ self._w + Pq @ self._poly
/Users/trinidad.borrell/Documents/Work/MARS-V/code/manifold-persona/manifold/tps.py:92: RuntimeWarning: divide by zero encountered in matmul
  return Kq @ self._w + Pq @ self._poly
/Users/trinidad.borrell/Documents/Work/MARS-V/code/manifold-persona/manifold/tps.py:92: RuntimeWarning: overflow encountered in matmul
  return Kq @ self._w + Pq @ self._poly
/Users/trinidad.borrell/Documents/Work/MARS-V/code/manifold-persona/manifold/tps.py:92: RuntimeWarning: invalid value encountered in matmul
  return Kq @ self._w + Pq @ self._poly
/Users/trinidad.borrell/Documents/Work/MARS-V/code/manifold-persona/manifold/tps.py:92: RuntimeWarning: divide by zero encountered in matmul
  return Kq @ self._w + Pq @ self._poly
/Users/trinidad.borrell/Documents/Work/MARS-V/code/manifold-persona/manifold/tps.py:92: RuntimeWarning: overflow encountered in matmul
  return Kq @ self._w + Pq @ self._poly
/Users/trinidad.borrell/Documents/Work/MARS-V/code/manifold-persona/manifold/tps.py:92: RuntimeWarning: invalid value encountered in matmul
  return Kq @ self._w + Pq @ self._poly
/Users/trinidad.borrell/Documents/Work/MARS-V/code/manifold-persona/manifold/tps.py:92: RuntimeWarning: divide by zero encountered in matmul
  return Kq @ self._w + Pq @ self._poly
/Users/trinidad.borrell/Documents/Work/MARS-V/code/manifold-persona/manifold/tps.py:92: RuntimeWarning: overflow encountered in matmul
  return Kq @ self._w + Pq @ self._poly
/Users/trinidad.borrell/Documents/Work/MARS-V/code/manifold-persona/manifold/tps.py:92: RuntimeWarning: invalid value encountered in matmul
  return Kq @ self._w + Pq @ self._poly
/Users/trinidad.borrell/Documents/Work/MARS-V/code/manifold-persona/manifold/tps.py:92: RuntimeWarning: divide by zero encountered in matmul
  return Kq @ self._w + Pq @ self._poly
/Users/trinidad.borrell/Documents/Work/MARS-V/code/manifold-persona/manifold/tps.py:92: RuntimeWarning: overflow encountered in matmul
  return Kq @ self._w + Pq @ self._poly
/Users/trinidad.borrell/Documents/Work/MARS-V/code/manifold-persona/manifold/tps.py:92: RuntimeWarning: invalid value encountered in matmul
  return Kq @ self._w + Pq @ self._poly
/Users/trinidad.borrell/Documents/Work/MARS-V/code/manifold-persona/manifold/tps.py:92: RuntimeWarning: divide by zero encountered in matmul
  return Kq @ self._w + Pq @ self._poly
/Users/trinidad.borrell/Documents/Work/MARS-V/code/manifold-persona/manifold/tps.py:92: RuntimeWarning: overflow encountered in matmul
  return Kq @ self._w + Pq @ self._poly
/Users/trinidad.borrell/Documents/Work/MARS-V/code/manifold-persona/manifold/tps.py:92: RuntimeWarning: invalid value encountered in matmul
  return Kq @ self._w + Pq @ self._poly
/Users/trinidad.borrell/Documents/Work/MARS-V/code/manifold-persona/manifold/tps.py:92: RuntimeWarning: divide by zero encountered in matmul
  return Kq @ self._w + Pq @ self._poly
/Users/trinidad.borrell/Documents/Work/MARS-V/code/manifold-persona/manifold/tps.py:92: RuntimeWarning: overflow encountered in matmul
  return Kq @ self._w + Pq @ self._poly
/Users/trinidad.borrell/Documents/Work/MARS-V/code/manifold-persona/manifold/tps.py:92: RuntimeWarning: invalid value encountered in matmul
  return Kq @ self._w + Pq @ self._poly
/Users/trinidad.borrell/Documents/Work/MARS-V/code/manifold-persona/manifold/tps.py:92: RuntimeWarning: divide by zero encountered in matmul
  return Kq @ self._w + Pq @ self._poly
/Users/trinidad.borrell/Documents/Work/MARS-V/code/manifold-persona/manifold/tps.py:92: RuntimeWarning: overflow encountered in matmul
  return Kq @ self._w + Pq @ self._poly
/Users/trinidad.borrell/Documents/Work/MARS-V/code/manifold-persona/manifold/tps.py:92: RuntimeWarning: invalid value encountered in matmul
  return Kq @ self._w + Pq @ self._poly
/Users/trinidad.borrell/Documents/Work/MARS-V/code/manifold-persona/manifold/tps.py:92: RuntimeWarning: divide by zero encountered in matmul
  return Kq @ self._w + Pq @ self._poly
/Users/trinidad.borrell/Documents/Work/MARS-V/code/manifold-persona/manifold/tps.py:92: RuntimeWarning: overflow encountered in matmul
  return Kq @ self._w + Pq @ self._poly
/Users/trinidad.borrell/Documents/Work/MARS-V/code/manifold-persona/manifold/tps.py:92: RuntimeWarning: invalid value encountered in matmul
  return Kq @ self._w + Pq @ self._poly
/Users/trinidad.borrell/Documents/Work/MARS-V/code/manifold-persona/manifold/tps.py:92: RuntimeWarning: divide by zero encountered in matmul
  return Kq @ self._w + Pq @ self._poly
/Users/trinidad.borrell/Documents/Work/MARS-V/code/manifold-persona/manifold/tps.py:92: RuntimeWarning: overflow encountered in matmul
  return Kq @ self._w + Pq @ self._poly
/Users/trinidad.borrell/Documents/Work/MARS-V/code/manifold-persona/manifold/tps.py:92: RuntimeWarning: invalid value encountered in matmul
  return Kq @ self._w + Pq @ self._poly
/Users/trinidad.borrell/Documents/Work/MARS-V/code/manifold-persona/manifold/tps.py:92: RuntimeWarning: divide by zero encountered in matmul
  return Kq @ self._w + Pq @ self._poly
/Users/trinidad.borrell/Documents/Work/MARS-V/code/manifold-persona/manifold/tps.py:92: RuntimeWarning: overflow encountered in matmul
  return Kq @ self._w + Pq @ self._poly
/Users/trinidad.borrell/Documents/Work/MARS-V/code/manifold-persona/manifold/tps.py:92: RuntimeWarning: invalid value encountered in matmul
  return Kq @ self._w + Pq @ self._poly
/Users/trinidad.borrell/Documents/Work/MARS-V/code/manifold-persona/manifold/tps.py:92: RuntimeWarning: divide by zero encountered in matmul
  return Kq @ self._w + Pq @ self._poly
/Users/trinidad.borrell/Documents/Work/MARS-V/code/manifold-persona/manifold/tps.py:92: RuntimeWarning: overflow encountered in matmul
  return Kq @ self._w + Pq @ self._poly
/Users/trinidad.borrell/Documents/Work/MARS-V/code/manifold-persona/manifold/tps.py:92: RuntimeWarning: invalid value encountered in matmul
  return Kq @ self._w + Pq @ self._poly
/Users/trinidad.borrell/Documents/Work/MARS-V/code/manifold-persona/manifold/tps.py:92: RuntimeWarning: divide by zero encountered in matmul
  return Kq @ self._w + Pq @ self._poly
/Users/trinidad.borrell/Documents/Work/MARS-V/code/manifold-persona/manifold/tps.py:92: RuntimeWarning: overflow encountered in matmul
  return Kq @ self._w + Pq @ self._poly
/Users/trinidad.borrell/Documents/Work/MARS-V/code/manifold-persona/manifold/tps.py:92: RuntimeWarning: invalid value encountered in matmul
  return Kq @ self._w + Pq @ self._poly
/Users/trinidad.borrell/Documents/Work/MARS-V/code/manifold-persona/manifold/tps.py:92: RuntimeWarning: divide by zero encountered in matmul
  return Kq @ self._w + Pq @ self._poly
/Users/trinidad.borrell/Documents/Work/MARS-V/code/manifold-persona/manifold/tps.py:92: RuntimeWarning: overflow encountered in matmul
  return Kq @ self._w + Pq @ self._poly
/Users/trinidad.borrell/Documents/Work/MARS-V/code/manifold-persona/manifold/tps.py:92: RuntimeWarning: invalid value encountered in matmul
  return Kq @ self._w + Pq @ self._poly
/Users/trinidad.borrell/Documents/Work/MARS-V/code/manifold-persona/manifold/tps.py:92: RuntimeWarning: divide by zero encountered in matmul
  return Kq @ self._w + Pq @ self._poly
/Users/trinidad.borrell/Documents/Work/MARS-V/code/manifold-persona/manifold/tps.py:92: RuntimeWarning: overflow encountered in matmul
  return Kq @ self._w + Pq @ self._poly
/Users/trinidad.borrell/Documents/Work/MARS-V/code/manifold-persona/manifold/tps.py:92: RuntimeWarning: invalid value encountered in matmul
  return Kq @ self._w + Pq @ self._poly
/Users/trinidad.borrell/Documents/Work/MARS-V/code/manifold-persona/manifold/tps.py:92: RuntimeWarning: divide by zero encountered in matmul
  return Kq @ self._w + Pq @ self._poly
/Users/trinidad.borrell/Documents/Work/MARS-V/code/manifold-persona/manifold/tps.py:92: RuntimeWarning: overflow encountered in matmul
  return Kq @ self._w + Pq @ self._poly
/Users/trinidad.borrell/Documents/Work/MARS-V/code/manifold-persona/manifold/tps.py:92: RuntimeWarning: invalid value encountered in matmul
  return Kq @ self._w + Pq @ self._poly
/Users/trinidad.borrell/Documents/Work/MARS-V/code/manifold-persona/manifold/tps.py:92: RuntimeWarning: divide by zero encountered in matmul
  return Kq @ self._w + Pq @ self._poly
/Users/trinidad.borrell/Documents/Work/MARS-V/code/manifold-persona/manifold/tps.py:92: RuntimeWarning: overflow encountered in matmul
  return Kq @ self._w + Pq @ self._poly
/Users/trinidad.borrell/Documents/Work/MARS-V/code/manifold-persona/manifold/tps.py:92: RuntimeWarning: invalid value encountered in matmul
  return Kq @ self._w + Pq @ self._poly
/Users/trinidad.borrell/Documents/Work/MARS-V/code/manifold-persona/manifold/tps.py:92: RuntimeWarning: divide by zero encountered in matmul
  return Kq @ self._w + Pq @ self._poly
/Users/trinidad.borrell/Documents/Work/MARS-V/code/manifold-persona/manifold/tps.py:92: RuntimeWarning: overflow encountered in matmul
  return Kq @ self._w + Pq @ self._poly
/Users/trinidad.borrell/Documents/Work/MARS-V/code/manifold-persona/manifold/tps.py:92: RuntimeWarning: invalid value encountered in matmul
  return Kq @ self._w + Pq @ self._poly
/Users/trinidad.borrell/Documents/Work/MARS-V/code/manifold-persona/manifold/tps.py:92: RuntimeWarning: divide by zero encountered in matmul
  return Kq @ self._w + Pq @ self._poly
/Users/trinidad.borrell/Documents/Work/MARS-V/code/manifold-persona/manifold/tps.py:92: RuntimeWarning: overflow encountered in matmul
  return Kq @ self._w + Pq @ self._poly
/Users/trinidad.borrell/Documents/Work/MARS-V/code/manifold-persona/manifold/tps.py:92: RuntimeWarning: invalid value encountered in matmul
  return Kq @ self._w + Pq @ self._poly
/Users/trinidad.borrell/Documents/Work/MARS-V/code/manifold-persona/manifold/tps.py:92: RuntimeWarning: divide by zero encountered in matmul
  return Kq @ self._w + Pq @ self._poly
/Users/trinidad.borrell/Documents/Work/MARS-V/code/manifold-persona/manifold/tps.py:92: RuntimeWarning: overflow encountered in matmul
  return Kq @ self._w + Pq @ self._poly
/Users/trinidad.borrell/Documents/Work/MARS-V/code/manifold-persona/manifold/tps.py:92: RuntimeWarning: invalid value encountered in matmul
  return Kq @ self._w + Pq @ self._poly
/Users/trinidad.borrell/Documents/Work/MARS-V/code/manifold-persona/manifold/tps.py:92: RuntimeWarning: divide by zero encountered in matmul
  return Kq @ self._w + Pq @ self._poly
/Users/trinidad.borrell/Documents/Work/MARS-V/code/manifold-persona/manifold/tps.py:92: RuntimeWarning: overflow encountered in matmul
  return Kq @ self._w + Pq @ self._poly
/Users/trinidad.borrell/Documents/Work/MARS-V/code/manifold-persona/manifold/tps.py:92: RuntimeWarning: invalid value encountered in matmul
  return Kq @ self._w + Pq @ self._poly
/Users/trinidad.borrell/Documents/Work/MARS-V/code/manifold-persona/manifold/tps.py:92: RuntimeWarning: divide by zero encountered in matmul
  return Kq @ self._w + Pq @ self._poly
/Users/trinidad.borrell/Documents/Work/MARS-V/code/manifold-persona/manifold/tps.py:92: RuntimeWarning: overflow encountered in matmul
  return Kq @ self._w + Pq @ self._poly
/Users/trinidad.borrell/Documents/Work/MARS-V/code/manifold-persona/manifold/tps.py:92: RuntimeWarning: invalid value encountered in matmul
  return Kq @ self._w + Pq @ self._poly
/Users/trinidad.borrell/Documents/Work/MARS-V/code/manifold-persona/manifold/tps.py:92: RuntimeWarning: divide by zero encountered in matmul
  return Kq @ self._w + Pq @ self._poly
/Users/trinidad.borrell/Documents/Work/MARS-V/code/manifold-persona/manifold/tps.py:92: RuntimeWarning: overflow encountered in matmul
  return Kq @ self._w + Pq @ self._poly
/Users/trinidad.borrell/Documents/Work/MARS-V/code/manifold-persona/manifold/tps.py:92: RuntimeWarning: invalid value encountered in matmul
  return Kq @ self._w + Pq @ self._poly
/Users/trinidad.borrell/Documents/Work/MARS-V/code/manifold-persona/manifold/tps.py:92: RuntimeWarning: divide by zero encountered in matmul
  return Kq @ self._w + Pq @ self._poly
/Users/trinidad.borrell/Documents/Work/MARS-V/code/manifold-persona/manifold/tps.py:92: RuntimeWarning: overflow encountered in matmul
  return Kq @ self._w + Pq @ self._poly
/Users/trinidad.borrell/Documents/Work/MARS-V/code/manifold-persona/manifold/tps.py:92: RuntimeWarning: invalid value encountered in matmul
  return Kq @ self._w + Pq @ self._poly
/Users/trinidad.borrell/Documents/Work/MARS-V/code/manifold-persona/manifold/tps.py:92: RuntimeWarning: divide by zero encountered in matmul
  return Kq @ self._w + Pq @ self._poly
/Users/trinidad.borrell/Documents/Work/MARS-V/code/manifold-persona/manifold/tps.py:92: RuntimeWarning: overflow encountered in matmul
  return Kq @ self._w + Pq @ self._poly
/Users/trinidad.borrell/Documents/Work/MARS-V/code/manifold-persona/manifold/tps.py:92: RuntimeWarning: invalid value encountered in matmul
  return Kq @ self._w + Pq @ self._poly
/Users/trinidad.borrell/Documents/Work/MARS-V/code/manifold-persona/manifold/tps.py:92: RuntimeWarning: divide by zero encountered in matmul
  return Kq @ self._w + Pq @ self._poly
/Users/trinidad.borrell/Documents/Work/MARS-V/code/manifold-persona/manifold/tps.py:92: RuntimeWarning: overflow encountered in matmul
  return Kq @ self._w + Pq @ self._poly
/Users/trinidad.borrell/Documents/Work/MARS-V/code/manifold-persona/manifold/tps.py:92: RuntimeWarning: invalid value encountered in matmul
  return Kq @ self._w + Pq @ self._poly
/Users/trinidad.borrell/Documents/Work/MARS-V/code/manifold-persona/manifold/tps.py:92: RuntimeWarning: divide by zero encountered in matmul
  return Kq @ self._w + Pq @ self._poly
/Users/trinidad.borrell/Documents/Work/MARS-V/code/manifold-persona/manifold/tps.py:92: RuntimeWarning: overflow encountered in matmul
  return Kq @ self._w + Pq @ self._poly
/Users/trinidad.borrell/Documents/Work/MARS-V/code/manifold-persona/manifold/tps.py:92: RuntimeWarning: invalid value encountered in matmul
  return Kq @ self._w + Pq @ self._poly
/Users/trinidad.borrell/Documents/Work/MARS-V/code/manifold-persona/manifold/tps.py:92: RuntimeWarning: divide by zero encountered in matmul
  return Kq @ self._w + Pq @ self._poly
/Users/trinidad.borrell/Documents/Work/MARS-V/code/manifold-persona/manifold/tps.py:92: RuntimeWarning: overflow encountered in matmul
  return Kq @ self._w + Pq @ self._poly
/Users/trinidad.borrell/Documents/Work/MARS-V/code/manifold-persona/manifold/tps.py:92: RuntimeWarning: invalid value encountered in matmul
  return Kq @ self._w + Pq @ self._poly
/Users/trinidad.borrell/Documents/Work/MARS-V/code/manifold-persona/manifold/tps.py:92: RuntimeWarning: divide by zero encountered in matmul
  return Kq @ self._w + Pq @ self._poly
/Users/trinidad.borrell/Documents/Work/MARS-V/code/manifold-persona/manifold/tps.py:92: RuntimeWarning: overflow encountered in matmul
  return Kq @ self._w + Pq @ self._poly
/Users/trinidad.borrell/Documents/Work/MARS-V/code/manifold-persona/manifold/tps.py:92: RuntimeWarning: invalid value encountered in matmul
  return Kq @ self._w + Pq @ self._poly
/Users/trinidad.borrell/Documents/Work/MARS-V/code/manifold-persona/manifold/tps.py:92: RuntimeWarning: divide by zero encountered in matmul
  return Kq @ self._w + Pq @ self._poly
/Users/trinidad.borrell/Documents/Work/MARS-V/code/manifold-persona/manifold/tps.py:92: RuntimeWarning: overflow encountered in matmul
  return Kq @ self._w + Pq @ self._poly
/Users/trinidad.borrell/Documents/Work/MARS-V/code/manifold-persona/manifold/tps.py:92: RuntimeWarning: invalid value encountered in matmul
  return Kq @ self._w + Pq @ self._poly
/Users/trinidad.borrell/Documents/Work/MARS-V/code/manifold-persona/manifold/tps.py:92: RuntimeWarning: divide by zero encountered in matmul
  return Kq @ self._w + Pq @ self._poly
/Users/trinidad.borrell/Documents/Work/MARS-V/code/manifold-persona/manifold/tps.py:92: RuntimeWarning: overflow encountered in matmul
  return Kq @ self._w + Pq @ self._poly
/Users/trinidad.borrell/Documents/Work/MARS-V/code/manifold-persona/manifold/tps.py:92: RuntimeWarning: invalid value encountered in matmul
  return Kq @ self._w + Pq @ self._poly
/Users/trinidad.borrell/Documents/Work/MARS-V/code/manifold-persona/manifold/tps.py:92: RuntimeWarning: divide by zero encountered in matmul
  return Kq @ self._w + Pq @ self._poly
/Users/trinidad.borrell/Documents/Work/MARS-V/code/manifold-persona/manifold/tps.py:92: RuntimeWarning: overflow encountered in matmul
  return Kq @ self._w + Pq @ self._poly
/Users/trinidad.borrell/Documents/Work/MARS-V/code/manifold-persona/manifold/tps.py:92: RuntimeWarning: invalid value encountered in matmul
  return Kq @ self._w + Pq @ self._poly
/Users/trinidad.borrell/Documents/Work/MARS-V/code/manifold-persona/manifold/tps.py:92: RuntimeWarning: divide by zero encountered in matmul
  return Kq @ self._w + Pq @ self._poly
/Users/trinidad.borrell/Documents/Work/MARS-V/code/manifold-persona/manifold/tps.py:92: RuntimeWarning: overflow encountered in matmul
  return Kq @ self._w + Pq @ self._poly
/Users/trinidad.borrell/Documents/Work/MARS-V/code/manifold-persona/manifold/tps.py:92: RuntimeWarning: invalid value encountered in matmul
  return Kq @ self._w + Pq @ self._poly
/Users/trinidad.borrell/Documents/Work/MARS-V/code/manifold-persona/manifold/tps.py:92: RuntimeWarning: divide by zero encountered in matmul
  return Kq @ self._w + Pq @ self._poly
/Users/trinidad.borrell/Documents/Work/MARS-V/code/manifold-persona/manifold/tps.py:92: RuntimeWarning: overflow encountered in matmul
  return Kq @ self._w + Pq @ self._poly
/Users/trinidad.borrell/Documents/Work/MARS-V/code/manifold-persona/manifold/tps.py:92: RuntimeWarning: invalid value encountered in matmul
  return Kq @ self._w + Pq @ self._poly
/Users/trinidad.borrell/Documents/Work/MARS-V/code/manifold-persona/manifold/tps.py:92: RuntimeWarning: divide by zero encountered in matmul
  return Kq @ self._w + Pq @ self._poly
/Users/trinidad.borrell/Documents/Work/MARS-V/code/manifold-persona/manifold/tps.py:92: RuntimeWarning: overflow encountered in matmul
  return Kq @ self._w + Pq @ self._poly
/Users/trinidad.borrell/Documents/Work/MARS-V/code/manifold-persona/manifold/tps.py:92: RuntimeWarning: invalid value encountered in matmul
  return Kq @ self._w + Pq @ self._poly
/Users/trinidad.borrell/Documents/Work/MARS-V/code/manifold-persona/manifold/tps.py:92: RuntimeWarning: divide by zero encountered in matmul
  return Kq @ self._w + Pq @ self._poly
/Users/trinidad.borrell/Documents/Work/MARS-V/code/manifold-persona/manifold/tps.py:92: RuntimeWarning: overflow encountered in matmul
  return Kq @ self._w + Pq @ self._poly
/Users/trinidad.borrell/Documents/Work/MARS-V/code/manifold-persona/manifold/tps.py:92: RuntimeWarning: invalid value encountered in matmul
  return Kq @ self._w + Pq @ self._poly
/Users/trinidad.borrell/Documents/Work/MARS-V/code/manifold-persona/.venv/lib/python3.9/site-packages/sklearn/decomposition/_pca.py:606: RuntimeWarning: divide by zero encountered in matmul
  C = X.T @ X
/Users/trinidad.borrell/Documents/Work/MARS-V/code/manifold-persona/.venv/lib/python3.9/site-packages/sklearn/decomposition/_pca.py:606: RuntimeWarning: overflow encountered in matmul
  C = X.T @ X
/Users/trinidad.borrell/Documents/Work/MARS-V/code/manifold-persona/.venv/lib/python3.9/site-packages/sklearn/decomposition/_pca.py:606: RuntimeWarning: invalid value encountered in matmul
  C = X.T @ X
/Users/trinidad.borrell/Documents/Work/MARS-V/code/manifold-persona/.venv/lib/python3.9/site-packages/sklearn/decomposition/_base.py:148: RuntimeWarning: divide by zero encountered in matmul
  X_transformed = X @ self.components_.T
/Users/trinidad.borrell/Documents/Work/MARS-V/code/manifold-persona/.venv/lib/python3.9/site-packages/sklearn/decomposition/_base.py:148: RuntimeWarning: overflow encountered in matmul
  X_transformed = X @ self.components_.T
/Users/trinidad.borrell/Documents/Work/MARS-V/code/manifold-persona/.venv/lib/python3.9/site-packages/sklearn/decomposition/_base.py:148: RuntimeWarning: invalid value encountered in matmul
  X_transformed = X @ self.components_.T
/Users/trinidad.borrell/Documents/Work/MARS-V/code/manifold-persona/manifold/tps.py:92: RuntimeWarning: divide by zero encountered in matmul
  return Kq @ self._w + Pq @ self._poly
/Users/trinidad.borrell/Documents/Work/MARS-V/code/manifold-persona/manifold/tps.py:92: RuntimeWarning: overflow encountered in matmul
  return Kq @ self._w + Pq @ self._poly
/Users/trinidad.borrell/Documents/Work/MARS-V/code/manifold-persona/manifold/tps.py:92: RuntimeWarning: invalid value encountered in matmul
  return Kq @ self._w + Pq @ self._poly
/Users/trinidad.borrell/Documents/Work/MARS-V/code/manifold-persona/.venv/lib/python3.9/site-packages/sklearn/decomposition/_pca.py:606: RuntimeWarning: divide by zero encountered in matmul
  C = X.T @ X
/Users/trinidad.borrell/Documents/Work/MARS-V/code/manifold-persona/.venv/lib/python3.9/site-packages/sklearn/decomposition/_pca.py:606: RuntimeWarning: overflow encountered in matmul
  C = X.T @ X
/Users/trinidad.borrell/Documents/Work/MARS-V/code/manifold-persona/.venv/lib/python3.9/site-packages/sklearn/decomposition/_pca.py:606: RuntimeWarning: invalid value encountered in matmul
  C = X.T @ X
/Users/trinidad.borrell/Documents/Work/MARS-V/code/manifold-persona/.venv/lib/python3.9/site-packages/sklearn/decomposition/_base.py:148: RuntimeWarning: divide by zero encountered in matmul
  X_transformed = X @ self.components_.T
/Users/trinidad.borrell/Documents/Work/MARS-V/code/manifold-persona/.venv/lib/python3.9/site-packages/sklearn/decomposition/_base.py:148: RuntimeWarning: overflow encountered in matmul
  X_transformed = X @ self.components_.T
/Users/trinidad.borrell/Documents/Work/MARS-V/code/manifold-persona/.venv/lib/python3.9/site-packages/sklearn/decomposition/_base.py:148: RuntimeWarning: invalid value encountered in matmul
  X_transformed = X @ self.components_.T
/Users/trinidad.borrell/Documents/Work/MARS-V/code/manifold-persona/manifold/tps.py:92: RuntimeWarning: divide by zero encountered in matmul
  return Kq @ self._w + Pq @ self._poly
/Users/trinidad.borrell/Documents/Work/MARS-V/code/manifold-persona/manifold/tps.py:92: RuntimeWarning: overflow encountered in matmul
  return Kq @ self._w + Pq @ self._poly
/Users/trinidad.borrell/Documents/Work/MARS-V/code/manifold-persona/manifold/tps.py:92: RuntimeWarning: invalid value encountered in matmul
  return Kq @ self._w + Pq @ self._poly
/Users/trinidad.borrell/Documents/Work/MARS-V/code/manifold-persona/.venv/lib/python3.9/site-packages/sklearn/decomposition/_pca.py:606: RuntimeWarning: divide by zero encountered in matmul
  C = X.T @ X
/Users/trinidad.borrell/Documents/Work/MARS-V/code/manifold-persona/.venv/lib/python3.9/site-packages/sklearn/decomposition/_pca.py:606: RuntimeWarning: overflow encountered in matmul
  C = X.T @ X
/Users/trinidad.borrell/Documents/Work/MARS-V/code/manifold-persona/.venv/lib/python3.9/site-packages/sklearn/decomposition/_pca.py:606: RuntimeWarning: invalid value encountered in matmul
  C = X.T @ X
/Users/trinidad.borrell/Documents/Work/MARS-V/code/manifold-persona/.venv/lib/python3.9/site-packages/sklearn/decomposition/_base.py:148: RuntimeWarning: divide by zero encountered in matmul
  X_transformed = X @ self.components_.T
/Users/trinidad.borrell/Documents/Work/MARS-V/code/manifold-persona/.venv/lib/python3.9/site-packages/sklearn/decomposition/_base.py:148: RuntimeWarning: overflow encountered in matmul
  X_transformed = X @ self.components_.T
/Users/trinidad.borrell/Documents/Work/MARS-V/code/manifold-persona/.venv/lib/python3.9/site-packages/sklearn/decomposition/_base.py:148: RuntimeWarning: invalid value encountered in matmul
  X_transformed = X @ self.components_.T
/Users/trinidad.borrell/Documents/Work/MARS-V/code/manifold-persona/manifold/tps.py:92: RuntimeWarning: divide by zero encountered in matmul
  return Kq @ self._w + Pq @ self._poly
/Users/trinidad.borrell/Documents/Work/MARS-V/code/manifold-persona/manifold/tps.py:92: RuntimeWarning: overflow encountered in matmul
  return Kq @ self._w + Pq @ self._poly
/Users/trinidad.borrell/Documents/Work/MARS-V/code/manifold-persona/manifold/tps.py:92: RuntimeWarning: invalid value encountered in matmul
  return Kq @ self._w + Pq @ self._poly
/Users/trinidad.borrell/Documents/Work/MARS-V/code/manifold-persona/.venv/lib/python3.9/site-packages/sklearn/decomposition/_pca.py:606: RuntimeWarning: divide by zero encountered in matmul
  C = X.T @ X
/Users/trinidad.borrell/Documents/Work/MARS-V/code/manifold-persona/.venv/lib/python3.9/site-packages/sklearn/decomposition/_pca.py:606: RuntimeWarning: overflow encountered in matmul
  C = X.T @ X
/Users/trinidad.borrell/Documents/Work/MARS-V/code/manifold-persona/.venv/lib/python3.9/site-packages/sklearn/decomposition/_pca.py:606: RuntimeWarning: invalid value encountered in matmul
  C = X.T @ X
/Users/trinidad.borrell/Documents/Work/MARS-V/code/manifold-persona/.venv/lib/python3.9/site-packages/sklearn/decomposition/_base.py:148: RuntimeWarning: divide by zero encountered in matmul
  X_transformed = X @ self.components_.T
/Users/trinidad.borrell/Documents/Work/MARS-V/code/manifold-persona/.venv/lib/python3.9/site-packages/sklearn/decomposition/_base.py:148: RuntimeWarning: overflow encountered in matmul
  X_transformed = X @ self.components_.T
/Users/trinidad.borrell/Documents/Work/MARS-V/code/manifold-persona/.venv/lib/python3.9/site-packages/sklearn/decomposition/_base.py:148: RuntimeWarning: invalid value encountered in matmul
  X_transformed = X @ self.components_.T
/Users/trinidad.borrell/Documents/Work/MARS-V/code/manifold-persona/manifold/tps.py:92: RuntimeWarning: divide by zero encountered in matmul
  return Kq @ self._w + Pq @ self._poly
/Users/trinidad.borrell/Documents/Work/MARS-V/code/manifold-persona/manifold/tps.py:92: RuntimeWarning: overflow encountered in matmul
  return Kq @ self._w + Pq @ self._poly
/Users/trinidad.borrell/Documents/Work/MARS-V/code/manifold-persona/manifold/tps.py:92: RuntimeWarning: invalid value encountered in matmul
  return Kq @ self._w + Pq @ self._poly
/Users/trinidad.borrell/Documents/Work/MARS-V/code/manifold-persona/.venv/lib/python3.9/site-packages/sklearn/decomposition/_pca.py:606: RuntimeWarning: divide by zero encountered in matmul
  C = X.T @ X
/Users/trinidad.borrell/Documents/Work/MARS-V/code/manifold-persona/.venv/lib/python3.9/site-packages/sklearn/decomposition/_pca.py:606: RuntimeWarning: overflow encountered in matmul
  C = X.T @ X
/Users/trinidad.borrell/Documents/Work/MARS-V/code/manifold-persona/.venv/lib/python3.9/site-packages/sklearn/decomposition/_pca.py:606: RuntimeWarning: invalid value encountered in matmul
  C = X.T @ X
/Users/trinidad.borrell/Documents/Work/MARS-V/code/manifold-persona/.venv/lib/python3.9/site-packages/sklearn/decomposition/_base.py:148: RuntimeWarning: divide by zero encountered in matmul
  X_transformed = X @ self.components_.T
/Users/trinidad.borrell/Documents/Work/MARS-V/code/manifold-persona/.venv/lib/python3.9/site-packages/sklearn/decomposition/_base.py:148: RuntimeWarning: overflow encountered in matmul
  X_transformed = X @ self.components_.T
/Users/trinidad.borrell/Documents/Work/MARS-V/code/manifold-persona/.venv/lib/python3.9/site-packages/sklearn/decomposition/_base.py:148: RuntimeWarning: invalid value encountered in matmul
  X_transformed = X @ self.components_.T
/Users/trinidad.borrell/Documents/Work/MARS-V/code/manifold-persona/manifold/tps.py:92: RuntimeWarning: divide by zero encountered in matmul
  return Kq @ self._w + Pq @ self._poly
/Users/trinidad.borrell/Documents/Work/MARS-V/code/manifold-persona/manifold/tps.py:92: RuntimeWarning: overflow encountered in matmul
  return Kq @ self._w + Pq @ self._poly
/Users/trinidad.borrell/Documents/Work/MARS-V/code/manifold-persona/manifold/tps.py:92: RuntimeWarning: invalid value encountered in matmul
  return Kq @ self._w + Pq @ self._poly
/Users/trinidad.borrell/Documents/Work/MARS-V/code/manifold-persona/.venv/lib/python3.9/site-packages/sklearn/decomposition/_pca.py:606: RuntimeWarning: divide by zero encountered in matmul
  C = X.T @ X
/Users/trinidad.borrell/Documents/Work/MARS-V/code/manifold-persona/.venv/lib/python3.9/site-packages/sklearn/decomposition/_pca.py:606: RuntimeWarning: overflow encountered in matmul
  C = X.T @ X
/Users/trinidad.borrell/Documents/Work/MARS-V/code/manifold-persona/.venv/lib/python3.9/site-packages/sklearn/decomposition/_pca.py:606: RuntimeWarning: invalid value encountered in matmul
  C = X.T @ X
/Users/trinidad.borrell/Documents/Work/MARS-V/code/manifold-persona/.venv/lib/python3.9/site-packages/sklearn/decomposition/_base.py:148: RuntimeWarning: divide by zero encountered in matmul
  X_transformed = X @ self.components_.T
/Users/trinidad.borrell/Documents/Work/MARS-V/code/manifold-persona/.venv/lib/python3.9/site-packages/sklearn/decomposition/_base.py:148: RuntimeWarning: overflow encountered in matmul
  X_transformed = X @ self.components_.T
/Users/trinidad.borrell/Documents/Work/MARS-V/code/manifold-persona/.venv/lib/python3.9/site-packages/sklearn/decomposition/_base.py:148: RuntimeWarning: invalid value encountered in matmul
  X_transformed = X @ self.components_.T
/Users/trinidad.borrell/Documents/Work/MARS-V/code/manifold-persona/.venv/lib/python3.9/site-packages/sklearn/decomposition/_base.py:197: RuntimeWarning: divide by zero encountered in matmul
  return X @ self.components_ + self.mean_
/Users/trinidad.borrell/Documents/Work/MARS-V/code/manifold-persona/.venv/lib/python3.9/site-packages/sklearn/decomposition/_base.py:197: RuntimeWarning: overflow encountered in matmul
  return X @ self.components_ + self.mean_
/Users/trinidad.borrell/Documents/Work/MARS-V/code/manifold-persona/.venv/lib/python3.9/site-packages/sklearn/decomposition/_base.py:197: RuntimeWarning: invalid value encountered in matmul
  return X @ self.components_ + self.mean_
/Users/trinidad.borrell/Documents/Work/MARS-V/code/manifold-persona/.venv/lib/python3.9/site-packages/sklearn/utils/extmath.py:335: RuntimeWarning: divide by zero encountered in matmul
  Q, _ = normalizer(A @ Q)
/Users/trinidad.borrell/Documents/Work/MARS-V/code/manifold-persona/.venv/lib/python3.9/site-packages/sklearn/utils/extmath.py:335: RuntimeWarning: overflow encountered in matmul
  Q, _ = normalizer(A @ Q)
/Users/trinidad.borrell/Documents/Work/MARS-V/code/manifold-persona/.venv/lib/python3.9/site-packages/sklearn/utils/extmath.py:335: RuntimeWarning: invalid value encountered in matmul
  Q, _ = normalizer(A @ Q)
/Users/trinidad.borrell/Documents/Work/MARS-V/code/manifold-persona/.venv/lib/python3.9/site-packages/sklearn/utils/extmath.py:336: RuntimeWarning: divide by zero encountered in matmul
  Q, _ = normalizer(A.T @ Q)
/Users/trinidad.borrell/Documents/Work/MARS-V/code/manifold-persona/.venv/lib/python3.9/site-packages/sklearn/utils/extmath.py:336: RuntimeWarning: overflow encountered in matmul
  Q, _ = normalizer(A.T @ Q)
/Users/trinidad.borrell/Documents/Work/MARS-V/code/manifold-persona/.venv/lib/python3.9/site-packages/sklearn/utils/extmath.py:336: RuntimeWarning: invalid value encountered in matmul
  Q, _ = normalizer(A.T @ Q)
/Users/trinidad.borrell/Documents/Work/MARS-V/code/manifold-persona/.venv/lib/python3.9/site-packages/sklearn/utils/extmath.py:340: RuntimeWarning: divide by zero encountered in matmul
  Q, _ = qr_normalizer(A @ Q)
/Users/trinidad.borrell/Documents/Work/MARS-V/code/manifold-persona/.venv/lib/python3.9/site-packages/sklearn/utils/extmath.py:340: RuntimeWarning: overflow encountered in matmul
  Q, _ = qr_normalizer(A @ Q)
/Users/trinidad.borrell/Documents/Work/MARS-V/code/manifold-persona/.venv/lib/python3.9/site-packages/sklearn/utils/extmath.py:340: RuntimeWarning: invalid value encountered in matmul
  Q, _ = qr_normalizer(A @ Q)
/Users/trinidad.borrell/Documents/Work/MARS-V/code/manifold-persona/.venv/lib/python3.9/site-packages/sklearn/utils/extmath.py:533: RuntimeWarning: divide by zero encountered in matmul
  B = Q.T @ M
/Users/trinidad.borrell/Documents/Work/MARS-V/code/manifold-persona/.venv/lib/python3.9/site-packages/sklearn/utils/extmath.py:533: RuntimeWarning: overflow encountered in matmul
  B = Q.T @ M
/Users/trinidad.borrell/Documents/Work/MARS-V/code/manifold-persona/.venv/lib/python3.9/site-packages/sklearn/utils/extmath.py:533: RuntimeWarning: invalid value encountered in matmul
  B = Q.T @ M
/Users/trinidad.borrell/Documents/Work/MARS-V/code/manifold-persona/.venv/lib/python3.9/site-packages/sklearn/utils/extmath.py:547: RuntimeWarning: divide by zero encountered in matmul
  U = Q @ Uhat
/Users/trinidad.borrell/Documents/Work/MARS-V/code/manifold-persona/.venv/lib/python3.9/site-packages/sklearn/utils/extmath.py:547: RuntimeWarning: overflow encountered in matmul
  U = Q @ Uhat
/Users/trinidad.borrell/Documents/Work/MARS-V/code/manifold-persona/.venv/lib/python3.9/site-packages/sklearn/utils/extmath.py:547: RuntimeWarning: invalid value encountered in matmul
  U = Q @ Uhat
/Users/trinidad.borrell/Documents/Work/MARS-V/code/manifold-persona/manifold/tps.py:92: RuntimeWarning: divide by zero encountered in matmul
  return Kq @ self._w + Pq @ self._poly
/Users/trinidad.borrell/Documents/Work/MARS-V/code/manifold-persona/manifold/tps.py:92: RuntimeWarning: overflow encountered in matmul
  return Kq @ self._w + Pq @ self._poly
/Users/trinidad.borrell/Documents/Work/MARS-V/code/manifold-persona/manifold/tps.py:92: RuntimeWarning: invalid value encountered in matmul
  return Kq @ self._w + Pq @ self._poly
/Users/trinidad.borrell/Documents/Work/MARS-V/code/manifold-persona/manifold/tps.py:92: RuntimeWarning: divide by zero encountered in matmul
  return Kq @ self._w + Pq @ self._poly
/Users/trinidad.borrell/Documents/Work/MARS-V/code/manifold-persona/manifold/tps.py:92: RuntimeWarning: overflow encountered in matmul
  return Kq @ self._w + Pq @ self._poly
/Users/trinidad.borrell/Documents/Work/MARS-V/code/manifold-persona/manifold/tps.py:92: RuntimeWarning: invalid value encountered in matmul
  return Kq @ self._w + Pq @ self._poly
/Users/trinidad.borrell/Documents/Work/MARS-V/code/manifold-persona/manifold/tps.py:92: RuntimeWarning: divide by zero encountered in matmul
  return Kq @ self._w + Pq @ self._poly
/Users/trinidad.borrell/Documents/Work/MARS-V/code/manifold-persona/manifold/tps.py:92: RuntimeWarning: overflow encountered in matmul
  return Kq @ self._w + Pq @ self._poly
/Users/trinidad.borrell/Documents/Work/MARS-V/code/manifold-persona/manifold/tps.py:92: RuntimeWarning: invalid value encountered in matmul
  return Kq @ self._w + Pq @ self._poly
/Users/trinidad.borrell/Documents/Work/MARS-V/code/manifold-persona/manifold/tps.py:92: RuntimeWarning: divide by zero encountered in matmul
  return Kq @ self._w + Pq @ self._poly
/Users/trinidad.borrell/Documents/Work/MARS-V/code/manifold-persona/manifold/tps.py:92: RuntimeWarning: overflow encountered in matmul
  return Kq @ self._w + Pq @ self._poly
/Users/trinidad.borrell/Documents/Work/MARS-V/code/manifold-persona/manifold/tps.py:92: RuntimeWarning: invalid value encountered in matmul
  return Kq @ self._w + Pq @ self._poly
/Users/trinidad.borrell/Documents/Work/MARS-V/code/manifold-persona/manifold/tps.py:92: RuntimeWarning: divide by zero encountered in matmul
  return Kq @ self._w + Pq @ self._poly
/Users/trinidad.borrell/Documents/Work/MARS-V/code/manifold-persona/manifold/tps.py:92: RuntimeWarning: overflow encountered in matmul
  return Kq @ self._w + Pq @ self._poly
/Users/trinidad.borrell/Documents/Work/MARS-V/code/manifold-persona/manifold/tps.py:92: RuntimeWarning: invalid value encountered in matmul
  return Kq @ self._w + Pq @ self._poly
/Users/trinidad.borrell/Documents/Work/MARS-V/code/manifold-persona/manifold/tps.py:92: RuntimeWarning: divide by zero encountered in matmul
  return Kq @ self._w + Pq @ self._poly
/Users/trinidad.borrell/Documents/Work/MARS-V/code/manifold-persona/manifold/tps.py:92: RuntimeWarning: overflow encountered in matmul
  return Kq @ self._w + Pq @ self._poly
/Users/trinidad.borrell/Documents/Work/MARS-V/code/manifold-persona/manifold/tps.py:92: RuntimeWarning: invalid value encountered in matmul
  return Kq @ self._w + Pq @ self._poly
/Users/trinidad.borrell/Documents/Work/MARS-V/code/manifold-persona/manifold/tps.py:92: RuntimeWarning: divide by zero encountered in matmul
  return Kq @ self._w + Pq @ self._poly
/Users/trinidad.borrell/Documents/Work/MARS-V/code/manifold-persona/manifold/tps.py:92: RuntimeWarning: overflow encountered in matmul
  return Kq @ self._w + Pq @ self._poly
/Users/trinidad.borrell/Documents/Work/MARS-V/code/manifold-persona/manifold/tps.py:92: RuntimeWarning: invalid value encountered in matmul
  return Kq @ self._w + Pq @ self._poly
/Users/trinidad.borrell/Documents/Work/MARS-V/code/manifold-persona/manifold/tps.py:92: RuntimeWarning: divide by zero encountered in matmul
  return Kq @ self._w + Pq @ self._poly
/Users/trinidad.borrell/Documents/Work/MARS-V/code/manifold-persona/manifold/tps.py:92: RuntimeWarning: overflow encountered in matmul
  return Kq @ self._w + Pq @ self._poly
/Users/trinidad.borrell/Documents/Work/MARS-V/code/manifold-persona/manifold/tps.py:92: RuntimeWarning: invalid value encountered in matmul
  return Kq @ self._w + Pq @ self._poly
/Users/trinidad.borrell/Documents/Work/MARS-V/code/manifold-persona/manifold/tps.py:92: RuntimeWarning: divide by zero encountered in matmul
  return Kq @ self._w + Pq @ self._poly
/Users/trinidad.borrell/Documents/Work/MARS-V/code/manifold-persona/manifold/tps.py:92: RuntimeWarning: overflow encountered in matmul
  return Kq @ self._w + Pq @ self._poly
/Users/trinidad.borrell/Documents/Work/MARS-V/code/manifold-persona/manifold/tps.py:92: RuntimeWarning: invalid value encountered in matmul
  return Kq @ self._w + Pq @ self._poly
/Users/trinidad.borrell/Documents/Work/MARS-V/code/manifold-persona/manifold/tps.py:92: RuntimeWarning: divide by zero encountered in matmul
  return Kq @ self._w + Pq @ self._poly
/Users/trinidad.borrell/Documents/Work/MARS-V/code/manifold-persona/manifold/tps.py:92: RuntimeWarning: overflow encountered in matmul
  return Kq @ self._w + Pq @ self._poly
/Users/trinidad.borrell/Documents/Work/MARS-V/code/manifold-persona/manifold/tps.py:92: RuntimeWarning: invalid value encountered in matmul
  return Kq @ self._w + Pq @ self._poly
/Users/trinidad.borrell/Documents/Work/MARS-V/code/manifold-persona/manifold/tps.py:92: RuntimeWarning: divide by zero encountered in matmul
  return Kq @ self._w + Pq @ self._poly
/Users/trinidad.borrell/Documents/Work/MARS-V/code/manifold-persona/manifold/tps.py:92: RuntimeWarning: overflow encountered in matmul
  return Kq @ self._w + Pq @ self._poly
/Users/trinidad.borrell/Documents/Work/MARS-V/code/manifold-persona/manifold/tps.py:92: RuntimeWarning: invalid value encountered in matmul
  return Kq @ self._w + Pq @ self._poly
/Users/trinidad.borrell/Documents/Work/MARS-V/code/manifold-persona/manifold/tps.py:92: RuntimeWarning: divide by zero encountered in matmul
  return Kq @ self._w + Pq @ self._poly
/Users/trinidad.borrell/Documents/Work/MARS-V/code/manifold-persona/manifold/tps.py:92: RuntimeWarning: overflow encountered in matmul
  return Kq @ self._w + Pq @ self._poly
/Users/trinidad.borrell/Documents/Work/MARS-V/code/manifold-persona/manifold/tps.py:92: RuntimeWarning: invalid value encountered in matmul
  return Kq @ self._w + Pq @ self._poly
/Users/trinidad.borrell/Documents/Work/MARS-V/code/manifold-persona/manifold/tps.py:92: RuntimeWarning: divide by zero encountered in matmul
  return Kq @ self._w + Pq @ self._poly
/Users/trinidad.borrell/Documents/Work/MARS-V/code/manifold-persona/manifold/tps.py:92: RuntimeWarning: overflow encountered in matmul
  return Kq @ self._w + Pq @ self._poly
/Users/trinidad.borrell/Documents/Work/MARS-V/code/manifold-persona/manifold/tps.py:92: RuntimeWarning: invalid value encountered in matmul
  return Kq @ self._w + Pq @ self._poly
/Users/trinidad.borrell/Documents/Work/MARS-V/code/manifold-persona/manifold/tps.py:92: RuntimeWarning: divide by zero encountered in matmul
  return Kq @ self._w + Pq @ self._poly
/Users/trinidad.borrell/Documents/Work/MARS-V/code/manifold-persona/manifold/tps.py:92: RuntimeWarning: overflow encountered in matmul
  return Kq @ self._w + Pq @ self._poly
/Users/trinidad.borrell/Documents/Work/MARS-V/code/manifold-persona/manifold/tps.py:92: RuntimeWarning: invalid value encountered in matmul
  return Kq @ self._w + Pq @ self._poly
/Users/trinidad.borrell/Documents/Work/MARS-V/code/manifold-persona/manifold/tps.py:92: RuntimeWarning: divide by zero encountered in matmul
  return Kq @ self._w + Pq @ self._poly
/Users/trinidad.borrell/Documents/Work/MARS-V/code/manifold-persona/manifold/tps.py:92: RuntimeWarning: overflow encountered in matmul
  return Kq @ self._w + Pq @ self._poly
/Users/trinidad.borrell/Documents/Work/MARS-V/code/manifold-persona/manifold/tps.py:92: RuntimeWarning: invalid value encountered in matmul
  return Kq @ self._w + Pq @ self._poly
/Users/trinidad.borrell/Documents/Work/MARS-V/code/manifold-persona/manifold/tps.py:92: RuntimeWarning: divide by zero encountered in matmul
  return Kq @ self._w + Pq @ self._poly
/Users/trinidad.borrell/Documents/Work/MARS-V/code/manifold-persona/manifold/tps.py:92: RuntimeWarning: overflow encountered in matmul
  return Kq @ self._w + Pq @ self._poly
/Users/trinidad.borrell/Documents/Work/MARS-V/code/manifold-persona/manifold/tps.py:92: RuntimeWarning: invalid value encountered in matmul
  return Kq @ self._w + Pq @ self._poly
/Users/trinidad.borrell/Documents/Work/MARS-V/code/manifold-persona/manifold/tps.py:92: RuntimeWarning: divide by zero encountered in matmul
  return Kq @ self._w + Pq @ self._poly
/Users/trinidad.borrell/Documents/Work/MARS-V/code/manifold-persona/manifold/tps.py:92: RuntimeWarning: overflow encountered in matmul
  return Kq @ self._w + Pq @ self._poly
/Users/trinidad.borrell/Documents/Work/MARS-V/code/manifold-persona/manifold/tps.py:92: RuntimeWarning: invalid value encountered in matmul
  return Kq @ self._w + Pq @ self._poly
/Users/trinidad.borrell/Documents/Work/MARS-V/code/manifold-persona/manifold/tps.py:92: RuntimeWarning: divide by zero encountered in matmul
  return Kq @ self._w + Pq @ self._poly
/Users/trinidad.borrell/Documents/Work/MARS-V/code/manifold-persona/manifold/tps.py:92: RuntimeWarning: overflow encountered in matmul
  return Kq @ self._w + Pq @ self._poly
/Users/trinidad.borrell/Documents/Work/MARS-V/code/manifold-persona/manifold/tps.py:92: RuntimeWarning: invalid value encountered in matmul
  return Kq @ self._w + Pq @ self._poly
/Users/trinidad.borrell/Documents/Work/MARS-V/code/manifold-persona/manifold/tps.py:92: RuntimeWarning: divide by zero encountered in matmul
  return Kq @ self._w + Pq @ self._poly
/Users/trinidad.borrell/Documents/Work/MARS-V/code/manifold-persona/manifold/tps.py:92: RuntimeWarning: overflow encountered in matmul
  return Kq @ self._w + Pq @ self._poly
/Users/trinidad.borrell/Documents/Work/MARS-V/code/manifold-persona/manifold/tps.py:92: RuntimeWarning: invalid value encountered in matmul
  return Kq @ self._w + Pq @ self._poly
/Users/trinidad.borrell/Documents/Work/MARS-V/code/manifold-persona/manifold/tps.py:92: RuntimeWarning: divide by zero encountered in matmul
  return Kq @ self._w + Pq @ self._poly
/Users/trinidad.borrell/Documents/Work/MARS-V/code/manifold-persona/manifold/tps.py:92: RuntimeWarning: overflow encountered in matmul
  return Kq @ self._w + Pq @ self._poly
/Users/trinidad.borrell/Documents/Work/MARS-V/code/manifold-persona/manifold/tps.py:92: RuntimeWarning: invalid value encountered in matmul
  return Kq @ self._w + Pq @ self._poly
/Users/trinidad.borrell/Documents/Work/MARS-V/code/manifold-persona/manifold/tps.py:92: RuntimeWarning: divide by zero encountered in matmul
  return Kq @ self._w + Pq @ self._poly
/Users/trinidad.borrell/Documents/Work/MARS-V/code/manifold-persona/manifold/tps.py:92: RuntimeWarning: overflow encountered in matmul
  return Kq @ self._w + Pq @ self._poly
/Users/trinidad.borrell/Documents/Work/MARS-V/code/manifold-persona/manifold/tps.py:92: RuntimeWarning: invalid value encountered in matmul
  return Kq @ self._w + Pq @ self._poly
/Users/trinidad.borrell/Documents/Work/MARS-V/code/manifold-persona/manifold/tps.py:92: RuntimeWarning: divide by zero encountered in matmul
  return Kq @ self._w + Pq @ self._poly
/Users/trinidad.borrell/Documents/Work/MARS-V/code/manifold-persona/manifold/tps.py:92: RuntimeWarning: overflow encountered in matmul
  return Kq @ self._w + Pq @ self._poly
/Users/trinidad.borrell/Documents/Work/MARS-V/code/manifold-persona/manifold/tps.py:92: RuntimeWarning: invalid value encountered in matmul
  return Kq @ self._w + Pq @ self._poly
/Users/trinidad.borrell/Documents/Work/MARS-V/code/manifold-persona/manifold/tps.py:92: RuntimeWarning: divide by zero encountered in matmul
  return Kq @ self._w + Pq @ self._poly
/Users/trinidad.borrell/Documents/Work/MARS-V/code/manifold-persona/manifold/tps.py:92: RuntimeWarning: overflow encountered in matmul
  return Kq @ self._w + Pq @ self._poly
/Users/trinidad.borrell/Documents/Work/MARS-V/code/manifold-persona/manifold/tps.py:92: RuntimeWarning: invalid value encountered in matmul
  return Kq @ self._w + Pq @ self._poly
/Users/trinidad.borrell/Documents/Work/MARS-V/code/manifold-persona/manifold/tps.py:92: RuntimeWarning: divide by zero encountered in matmul
  return Kq @ self._w + Pq @ self._poly
/Users/trinidad.borrell/Documents/Work/MARS-V/code/manifold-persona/manifold/tps.py:92: RuntimeWarning: overflow encountered in matmul
  return Kq @ self._w + Pq @ self._poly
/Users/trinidad.borrell/Documents/Work/MARS-V/code/manifold-persona/manifold/tps.py:92: RuntimeWarning: invalid value encountered in matmul
  return Kq @ self._w + Pq @ self._poly
/Users/trinidad.borrell/Documents/Work/MARS-V/code/manifold-persona/manifold/tps.py:92: RuntimeWarning: divide by zero encountered in matmul
  return Kq @ self._w + Pq @ self._poly
/Users/trinidad.borrell/Documents/Work/MARS-V/code/manifold-persona/manifold/tps.py:92: RuntimeWarning: overflow encountered in matmul
  return Kq @ self._w + Pq @ self._poly
/Users/trinidad.borrell/Documents/Work/MARS-V/code/manifold-persona/manifold/tps.py:92: RuntimeWarning: invalid value encountered in matmul
  return Kq @ self._w + Pq @ self._poly
/Users/trinidad.borrell/Documents/Work/MARS-V/code/manifold-persona/manifold/tps.py:92: RuntimeWarning: divide by zero encountered in matmul
  return Kq @ self._w + Pq @ self._poly
/Users/trinidad.borrell/Documents/Work/MARS-V/code/manifold-persona/manifold/tps.py:92: RuntimeWarning: overflow encountered in matmul
  return Kq @ self._w + Pq @ self._poly
/Users/trinidad.borrell/Documents/Work/MARS-V/code/manifold-persona/manifold/tps.py:92: RuntimeWarning: invalid value encountered in matmul
  return Kq @ self._w + Pq @ self._poly
/Users/trinidad.borrell/Documents/Work/MARS-V/code/manifold-persona/manifold/tps.py:92: RuntimeWarning: divide by zero encountered in matmul
  return Kq @ self._w + Pq @ self._poly
/Users/trinidad.borrell/Documents/Work/MARS-V/code/manifold-persona/manifold/tps.py:92: RuntimeWarning: overflow encountered in matmul
  return Kq @ self._w + Pq @ self._poly
/Users/trinidad.borrell/Documents/Work/MARS-V/code/manifold-persona/manifold/tps.py:92: RuntimeWarning: invalid value encountered in matmul
  return Kq @ self._w + Pq @ self._poly
/Users/trinidad.borrell/Documents/Work/MARS-V/code/manifold-persona/manifold/tps.py:92: RuntimeWarning: divide by zero encountered in matmul
  return Kq @ self._w + Pq @ self._poly
/Users/trinidad.borrell/Documents/Work/MARS-V/code/manifold-persona/manifold/tps.py:92: RuntimeWarning: overflow encountered in matmul
  return Kq @ self._w + Pq @ self._poly
/Users/trinidad.borrell/Documents/Work/MARS-V/code/manifold-persona/manifold/tps.py:92: RuntimeWarning: invalid value encountered in matmul
  return Kq @ self._w + Pq @ self._poly
/Users/trinidad.borrell/Documents/Work/MARS-V/code/manifold-persona/manifold/tps.py:92: RuntimeWarning: divide by zero encountered in matmul
  return Kq @ self._w + Pq @ self._poly
/Users/trinidad.borrell/Documents/Work/MARS-V/code/manifold-persona/manifold/tps.py:92: RuntimeWarning: overflow encountered in matmul
  return Kq @ self._w + Pq @ self._poly
/Users/trinidad.borrell/Documents/Work/MARS-V/code/manifold-persona/manifold/tps.py:92: RuntimeWarning: invalid value encountered in matmul
  return Kq @ self._w + Pq @ self._poly
/Users/trinidad.borrell/Documents/Work/MARS-V/code/manifold-persona/manifold/tps.py:92: RuntimeWarning: divide by zero encountered in matmul
  return Kq @ self._w + Pq @ self._poly
/Users/trinidad.borrell/Documents/Work/MARS-V/code/manifold-persona/manifold/tps.py:92: RuntimeWarning: overflow encountered in matmul
  return Kq @ self._w + Pq @ self._poly
/Users/trinidad.borrell/Documents/Work/MARS-V/code/manifold-persona/manifold/tps.py:92: RuntimeWarning: invalid value encountered in matmul
  return Kq @ self._w + Pq @ self._poly
/Users/trinidad.borrell/Documents/Work/MARS-V/code/manifold-persona/manifold/tps.py:92: RuntimeWarning: divide by zero encountered in matmul
  return Kq @ self._w + Pq @ self._poly
/Users/trinidad.borrell/Documents/Work/MARS-V/code/manifold-persona/manifold/tps.py:92: RuntimeWarning: overflow encountered in matmul
  return Kq @ self._w + Pq @ self._poly
/Users/trinidad.borrell/Documents/Work/MARS-V/code/manifold-persona/manifold/tps.py:92: RuntimeWarning: invalid value encountered in matmul
  return Kq @ self._w + Pq @ self._poly
/Users/trinidad.borrell/Documents/Work/MARS-V/code/manifold-persona/manifold/tps.py:92: RuntimeWarning: divide by zero encountered in matmul
  return Kq @ self._w + Pq @ self._poly
/Users/trinidad.borrell/Documents/Work/MARS-V/code/manifold-persona/manifold/tps.py:92: RuntimeWarning: overflow encountered in matmul
  return Kq @ self._w + Pq @ self._poly
/Users/trinidad.borrell/Documents/Work/MARS-V/code/manifold-persona/manifold/tps.py:92: RuntimeWarning: invalid value encountered in matmul
  return Kq @ self._w + Pq @ self._poly
/Users/trinidad.borrell/Documents/Work/MARS-V/code/manifold-persona/manifold/tps.py:92: RuntimeWarning: divide by zero encountered in matmul
  return Kq @ self._w + Pq @ self._poly
/Users/trinidad.borrell/Documents/Work/MARS-V/code/manifold-persona/manifold/tps.py:92: RuntimeWarning: overflow encountered in matmul
  return Kq @ self._w + Pq @ self._poly
/Users/trinidad.borrell/Documents/Work/MARS-V/code/manifold-persona/manifold/tps.py:92: RuntimeWarning: invalid value encountered in matmul
  return Kq @ self._w + Pq @ self._poly
/Users/trinidad.borrell/Documents/Work/MARS-V/code/manifold-persona/manifold/tps.py:92: RuntimeWarning: divide by zero encountered in matmul
  return Kq @ self._w + Pq @ self._poly
/Users/trinidad.borrell/Documents/Work/MARS-V/code/manifold-persona/manifold/tps.py:92: RuntimeWarning: overflow encountered in matmul
  return Kq @ self._w + Pq @ self._poly
/Users/trinidad.borrell/Documents/Work/MARS-V/code/manifold-persona/manifold/tps.py:92: RuntimeWarning: invalid value encountered in matmul
  return Kq @ self._w + Pq @ self._poly
/Users/trinidad.borrell/Documents/Work/MARS-V/code/manifold-persona/manifold/tps.py:92: RuntimeWarning: divide by zero encountered in matmul
  return Kq @ self._w + Pq @ self._poly
/Users/trinidad.borrell/Documents/Work/MARS-V/code/manifold-persona/manifold/tps.py:92: RuntimeWarning: overflow encountered in matmul
  return Kq @ self._w + Pq @ self._poly
/Users/trinidad.borrell/Documents/Work/MARS-V/code/manifold-persona/manifold/tps.py:92: RuntimeWarning: invalid value encountered in matmul
  return Kq @ self._w + Pq @ self._poly
/Users/trinidad.borrell/Documents/Work/MARS-V/code/manifold-persona/manifold/tps.py:92: RuntimeWarning: divide by zero encountered in matmul
  return Kq @ self._w + Pq @ self._poly
/Users/trinidad.borrell/Documents/Work/MARS-V/code/manifold-persona/manifold/tps.py:92: RuntimeWarning: overflow encountered in matmul
  return Kq @ self._w + Pq @ self._poly
/Users/trinidad.borrell/Documents/Work/MARS-V/code/manifold-persona/manifold/tps.py:92: RuntimeWarning: invalid value encountered in matmul
  return Kq @ self._w + Pq @ self._poly
/Users/trinidad.borrell/Documents/Work/MARS-V/code/manifold-persona/manifold/tps.py:92: RuntimeWarning: divide by zero encountered in matmul
  return Kq @ self._w + Pq @ self._poly
/Users/trinidad.borrell/Documents/Work/MARS-V/code/manifold-persona/manifold/tps.py:92: RuntimeWarning: overflow encountered in matmul
  return Kq @ self._w + Pq @ self._poly
/Users/trinidad.borrell/Documents/Work/MARS-V/code/manifold-persona/manifold/tps.py:92: RuntimeWarning: invalid value encountered in matmul
  return Kq @ self._w + Pq @ self._poly
/Users/trinidad.borrell/Documents/Work/MARS-V/code/manifold-persona/manifold/tps.py:92: RuntimeWarning: divide by zero encountered in matmul
  return Kq @ self._w + Pq @ self._poly
/Users/trinidad.borrell/Documents/Work/MARS-V/code/manifold-persona/manifold/tps.py:92: RuntimeWarning: overflow encountered in matmul
  return Kq @ self._w + Pq @ self._poly
/Users/trinidad.borrell/Documents/Work/MARS-V/code/manifold-persona/manifold/tps.py:92: RuntimeWarning: invalid value encountered in matmul
  return Kq @ self._w + Pq @ self._poly
/Users/trinidad.borrell/Documents/Work/MARS-V/code/manifold-persona/manifold/tps.py:92: RuntimeWarning: divide by zero encountered in matmul
  return Kq @ self._w + Pq @ self._poly
/Users/trinidad.borrell/Documents/Work/MARS-V/code/manifold-persona/manifold/tps.py:92: RuntimeWarning: overflow encountered in matmul
  return Kq @ self._w + Pq @ self._poly
/Users/trinidad.borrell/Documents/Work/MARS-V/code/manifold-persona/manifold/tps.py:92: RuntimeWarning: invalid value encountered in matmul
  return Kq @ self._w + Pq @ self._poly
/Users/trinidad.borrell/Documents/Work/MARS-V/code/manifold-persona/manifold/tps.py:92: RuntimeWarning: divide by zero encountered in matmul
  return Kq @ self._w + Pq @ self._poly
/Users/trinidad.borrell/Documents/Work/MARS-V/code/manifold-persona/manifold/tps.py:92: RuntimeWarning: overflow encountered in matmul
  return Kq @ self._w + Pq @ self._poly
/Users/trinidad.borrell/Documents/Work/MARS-V/code/manifold-persona/manifold/tps.py:92: RuntimeWarning: invalid value encountered in matmul
  return Kq @ self._w + Pq @ self._poly
/Users/trinidad.borrell/Documents/Work/MARS-V/code/manifold-persona/manifold/tps.py:92: RuntimeWarning: divide by zero encountered in matmul
  return Kq @ self._w + Pq @ self._poly
/Users/trinidad.borrell/Documents/Work/MARS-V/code/manifold-persona/manifold/tps.py:92: RuntimeWarning: overflow encountered in matmul
  return Kq @ self._w + Pq @ self._poly
/Users/trinidad.borrell/Documents/Work/MARS-V/code/manifold-persona/manifold/tps.py:92: RuntimeWarning: invalid value encountered in matmul
  return Kq @ self._w + Pq @ self._poly
/Users/trinidad.borrell/Documents/Work/MARS-V/code/manifold-persona/manifold/tps.py:92: RuntimeWarning: divide by zero encountered in matmul
  return Kq @ self._w + Pq @ self._poly
/Users/trinidad.borrell/Documents/Work/MARS-V/code/manifold-persona/manifold/tps.py:92: RuntimeWarning: overflow encountered in matmul
  return Kq @ self._w + Pq @ self._poly
/Users/trinidad.borrell/Documents/Work/MARS-V/code/manifold-persona/manifold/tps.py:92: RuntimeWarning: invalid value encountered in matmul
  return Kq @ self._w + Pq @ self._poly
/Users/trinidad.borrell/Documents/Work/MARS-V/code/manifold-persona/manifold/tps.py:92: RuntimeWarning: divide by zero encountered in matmul
  return Kq @ self._w + Pq @ self._poly
/Users/trinidad.borrell/Documents/Work/MARS-V/code/manifold-persona/manifold/tps.py:92: RuntimeWarning: overflow encountered in matmul
  return Kq @ self._w + Pq @ self._poly
/Users/trinidad.borrell/Documents/Work/MARS-V/code/manifold-persona/manifold/tps.py:92: RuntimeWarning: invalid value encountered in matmul
  return Kq @ self._w + Pq @ self._poly
/Users/trinidad.borrell/Documents/Work/MARS-V/code/manifold-persona/manifold/tps.py:92: RuntimeWarning: divide by zero encountered in matmul
  return Kq @ self._w + Pq @ self._poly
/Users/trinidad.borrell/Documents/Work/MARS-V/code/manifold-persona/manifold/tps.py:92: RuntimeWarning: overflow encountered in matmul
  return Kq @ self._w + Pq @ self._poly
/Users/trinidad.borrell/Documents/Work/MARS-V/code/manifold-persona/manifold/tps.py:92: RuntimeWarning: invalid value encountered in matmul
  return Kq @ self._w + Pq @ self._poly
/Users/trinidad.borrell/Documents/Work/MARS-V/code/manifold-persona/manifold/tps.py:92: RuntimeWarning: divide by zero encountered in matmul
  return Kq @ self._w + Pq @ self._poly
/Users/trinidad.borrell/Documents/Work/MARS-V/code/manifold-persona/manifold/tps.py:92: RuntimeWarning: overflow encountered in matmul
  return Kq @ self._w + Pq @ self._poly
/Users/trinidad.borrell/Documents/Work/MARS-V/code/manifold-persona/manifold/tps.py:92: RuntimeWarning: invalid value encountered in matmul
  return Kq @ self._w + Pq @ self._poly
/Users/trinidad.borrell/Documents/Work/MARS-V/code/manifold-persona/manifold/tps.py:92: RuntimeWarning: divide by zero encountered in matmul
  return Kq @ self._w + Pq @ self._poly
/Users/trinidad.borrell/Documents/Work/MARS-V/code/manifold-persona/manifold/tps.py:92: RuntimeWarning: overflow encountered in matmul
  return Kq @ self._w + Pq @ self._poly
/Users/trinidad.borrell/Documents/Work/MARS-V/code/manifold-persona/manifold/tps.py:92: RuntimeWarning: invalid value encountered in matmul
  return Kq @ self._w + Pq @ self._poly
/Users/trinidad.borrell/Documents/Work/MARS-V/code/manifold-persona/manifold/tps.py:92: RuntimeWarning: divide by zero encountered in matmul
  return Kq @ self._w + Pq @ self._poly
/Users/trinidad.borrell/Documents/Work/MARS-V/code/manifold-persona/manifold/tps.py:92: RuntimeWarning: overflow encountered in matmul
  return Kq @ self._w + Pq @ self._poly
/Users/trinidad.borrell/Documents/Work/MARS-V/code/manifold-persona/manifold/tps.py:92: RuntimeWarning: invalid value encountered in matmul
  return Kq @ self._w + Pq @ self._poly
/Users/trinidad.borrell/Documents/Work/MARS-V/code/manifold-persona/manifold/tps.py:92: RuntimeWarning: divide by zero encountered in matmul
  return Kq @ self._w + Pq @ self._poly
/Users/trinidad.borrell/Documents/Work/MARS-V/code/manifold-persona/manifold/tps.py:92: RuntimeWarning: overflow encountered in matmul
  return Kq @ self._w + Pq @ self._poly
/Users/trinidad.borrell/Documents/Work/MARS-V/code/manifold-persona/manifold/tps.py:92: RuntimeWarning: invalid value encountered in matmul
  return Kq @ self._w + Pq @ self._poly
/Users/trinidad.borrell/Documents/Work/MARS-V/code/manifold-persona/manifold/tps.py:92: RuntimeWarning: divide by zero encountered in matmul
  return Kq @ self._w + Pq @ self._poly
/Users/trinidad.borrell/Documents/Work/MARS-V/code/manifold-persona/manifold/tps.py:92: RuntimeWarning: overflow encountered in matmul
  return Kq @ self._w + Pq @ self._poly
/Users/trinidad.borrell/Documents/Work/MARS-V/code/manifold-persona/manifold/tps.py:92: RuntimeWarning: invalid value encountered in matmul
  return Kq @ self._w + Pq @ self._poly
/Users/trinidad.borrell/Documents/Work/MARS-V/code/manifold-persona/manifold/tps.py:92: RuntimeWarning: divide by zero encountered in matmul
  return Kq @ self._w + Pq @ self._poly
/Users/trinidad.borrell/Documents/Work/MARS-V/code/manifold-persona/manifold/tps.py:92: RuntimeWarning: overflow encountered in matmul
  return Kq @ self._w + Pq @ self._poly
/Users/trinidad.borrell/Documents/Work/MARS-V/code/manifold-persona/manifold/tps.py:92: RuntimeWarning: invalid value encountered in matmul
  return Kq @ self._w + Pq @ self._poly
/Users/trinidad.borrell/Documents/Work/MARS-V/code/manifold-persona/manifold/tps.py:92: RuntimeWarning: divide by zero encountered in matmul
  return Kq @ self._w + Pq @ self._poly
/Users/trinidad.borrell/Documents/Work/MARS-V/code/manifold-persona/manifold/tps.py:92: RuntimeWarning: overflow encountered in matmul
  return Kq @ self._w + Pq @ self._poly
/Users/trinidad.borrell/Documents/Work/MARS-V/code/manifold-persona/manifold/tps.py:92: RuntimeWarning: invalid value encountered in matmul
  return Kq @ self._w + Pq @ self._poly
/Users/trinidad.borrell/Documents/Work/MARS-V/code/manifold-persona/manifold/tps.py:92: RuntimeWarning: divide by zero encountered in matmul
  return Kq @ self._w + Pq @ self._poly
/Users/trinidad.borrell/Documents/Work/MARS-V/code/manifold-persona/manifold/tps.py:92: RuntimeWarning: overflow encountered in matmul
  return Kq @ self._w + Pq @ self._poly
/Users/trinidad.borrell/Documents/Work/MARS-V/code/manifold-persona/manifold/tps.py:92: RuntimeWarning: invalid value encountered in matmul
  return Kq @ self._w + Pq @ self._poly
/Users/trinidad.borrell/Documents/Work/MARS-V/code/manifold-persona/manifold/tps.py:92: RuntimeWarning: divide by zero encountered in matmul
  return Kq @ self._w + Pq @ self._poly
/Users/trinidad.borrell/Documents/Work/MARS-V/code/manifold-persona/manifold/tps.py:92: RuntimeWarning: overflow encountered in matmul
  return Kq @ self._w + Pq @ self._poly
/Users/trinidad.borrell/Documents/Work/MARS-V/code/manifold-persona/manifold/tps.py:92: RuntimeWarning: invalid value encountered in matmul
  return Kq @ self._w + Pq @ self._poly
/Users/trinidad.borrell/Documents/Work/MARS-V/code/manifold-persona/manifold/tps.py:92: RuntimeWarning: divide by zero encountered in matmul
  return Kq @ self._w + Pq @ self._poly
/Users/trinidad.borrell/Documents/Work/MARS-V/code/manifold-persona/manifold/tps.py:92: RuntimeWarning: overflow encountered in matmul
  return Kq @ self._w + Pq @ self._poly
/Users/trinidad.borrell/Documents/Work/MARS-V/code/manifold-persona/manifold/tps.py:92: RuntimeWarning: invalid value encountered in matmul
  return Kq @ self._w + Pq @ self._poly
/Users/trinidad.borrell/Documents/Work/MARS-V/code/manifold-persona/manifold/tps.py:92: RuntimeWarning: divide by zero encountered in matmul
  return Kq @ self._w + Pq @ self._poly
/Users/trinidad.borrell/Documents/Work/MARS-V/code/manifold-persona/manifold/tps.py:92: RuntimeWarning: overflow encountered in matmul
  return Kq @ self._w + Pq @ self._poly
/Users/trinidad.borrell/Documents/Work/MARS-V/code/manifold-persona/manifold/tps.py:92: RuntimeWarning: invalid value encountered in matmul
  return Kq @ self._w + Pq @ self._poly
/Users/trinidad.borrell/Documents/Work/MARS-V/code/manifold-persona/manifold/tps.py:92: RuntimeWarning: divide by zero encountered in matmul
  return Kq @ self._w + Pq @ self._poly
/Users/trinidad.borrell/Documents/Work/MARS-V/code/manifold-persona/manifold/tps.py:92: RuntimeWarning: overflow encountered in matmul
  return Kq @ self._w + Pq @ self._poly
/Users/trinidad.borrell/Documents/Work/MARS-V/code/manifold-persona/manifold/tps.py:92: RuntimeWarning: invalid value encountered in matmul
  return Kq @ self._w + Pq @ self._poly
/Users/trinidad.borrell/Documents/Work/MARS-V/code/manifold-persona/manifold/tps.py:92: RuntimeWarning: divide by zero encountered in matmul
  return Kq @ self._w + Pq @ self._poly
/Users/trinidad.borrell/Documents/Work/MARS-V/code/manifold-persona/manifold/tps.py:92: RuntimeWarning: overflow encountered in matmul
  return Kq @ self._w + Pq @ self._poly
/Users/trinidad.borrell/Documents/Work/MARS-V/code/manifold-persona/manifold/tps.py:92: RuntimeWarning: invalid value encountered in matmul
  return Kq @ self._w + Pq @ self._poly
/Users/trinidad.borrell/Documents/Work/MARS-V/code/manifold-persona/manifold/tps.py:92: RuntimeWarning: divide by zero encountered in matmul
  return Kq @ self._w + Pq @ self._poly
/Users/trinidad.borrell/Documents/Work/MARS-V/code/manifold-persona/manifold/tps.py:92: RuntimeWarning: overflow encountered in matmul
  return Kq @ self._w + Pq @ self._poly
/Users/trinidad.borrell/Documents/Work/MARS-V/code/manifold-persona/manifold/tps.py:92: RuntimeWarning: invalid value encountered in matmul
  return Kq @ self._w + Pq @ self._poly
/Users/trinidad.borrell/Documents/Work/MARS-V/code/manifold-persona/manifold/tps.py:92: RuntimeWarning: divide by zero encountered in matmul
  return Kq @ self._w + Pq @ self._poly
/Users/trinidad.borrell/Documents/Work/MARS-V/code/manifold-persona/manifold/tps.py:92: RuntimeWarning: overflow encountered in matmul
  return Kq @ self._w + Pq @ self._poly
/Users/trinidad.borrell/Documents/Work/MARS-V/code/manifold-persona/manifold/tps.py:92: RuntimeWarning: invalid value encountered in matmul
  return Kq @ self._w + Pq @ self._poly
/Users/trinidad.borrell/Documents/Work/MARS-V/code/manifold-persona/manifold/tps.py:92: RuntimeWarning: divide by zero encountered in matmul
  return Kq @ self._w + Pq @ self._poly
/Users/trinidad.borrell/Documents/Work/MARS-V/code/manifold-persona/manifold/tps.py:92: RuntimeWarning: overflow encountered in matmul
  return Kq @ self._w + Pq @ self._poly
/Users/trinidad.borrell/Documents/Work/MARS-V/code/manifold-persona/manifold/tps.py:92: RuntimeWarning: invalid value encountered in matmul
  return Kq @ self._w + Pq @ self._poly
/Users/trinidad.borrell/Documents/Work/MARS-V/code/manifold-persona/manifold/tps.py:92: RuntimeWarning: divide by zero encountered in matmul
  return Kq @ self._w + Pq @ self._poly
/Users/trinidad.borrell/Documents/Work/MARS-V/code/manifold-persona/manifold/tps.py:92: RuntimeWarning: overflow encountered in matmul
  return Kq @ self._w + Pq @ self._poly
/Users/trinidad.borrell/Documents/Work/MARS-V/code/manifold-persona/manifold/tps.py:92: RuntimeWarning: invalid value encountered in matmul
  return Kq @ self._w + Pq @ self._poly
/Users/trinidad.borrell/Documents/Work/MARS-V/code/manifold-persona/manifold/tps.py:92: RuntimeWarning: divide by zero encountered in matmul
  return Kq @ self._w + Pq @ self._poly
/Users/trinidad.borrell/Documents/Work/MARS-V/code/manifold-persona/manifold/tps.py:92: RuntimeWarning: overflow encountered in matmul
  return Kq @ self._w + Pq @ self._poly
/Users/trinidad.borrell/Documents/Work/MARS-V/code/manifold-persona/manifold/tps.py:92: RuntimeWarning: invalid value encountered in matmul
  return Kq @ self._w + Pq @ self._poly
/Users/trinidad.borrell/Documents/Work/MARS-V/code/manifold-persona/manifold/tps.py:92: RuntimeWarning: divide by zero encountered in matmul
  return Kq @ self._w + Pq @ self._poly
/Users/trinidad.borrell/Documents/Work/MARS-V/code/manifold-persona/manifold/tps.py:92: RuntimeWarning: overflow encountered in matmul
  return Kq @ self._w + Pq @ self._poly
/Users/trinidad.borrell/Documents/Work/MARS-V/code/manifold-persona/manifold/tps.py:92: RuntimeWarning: invalid value encountered in matmul
  return Kq @ self._w + Pq @ self._poly
/Users/trinidad.borrell/Documents/Work/MARS-V/code/manifold-persona/manifold/tps.py:92: RuntimeWarning: divide by zero encountered in matmul
  return Kq @ self._w + Pq @ self._poly
/Users/trinidad.borrell/Documents/Work/MARS-V/code/manifold-persona/manifold/tps.py:92: RuntimeWarning: overflow encountered in matmul
  return Kq @ self._w + Pq @ self._poly
/Users/trinidad.borrell/Documents/Work/MARS-V/code/manifold-persona/manifold/tps.py:92: RuntimeWarning: invalid value encountered in matmul
  return Kq @ self._w + Pq @ self._poly
/Users/trinidad.borrell/Documents/Work/MARS-V/code/manifold-persona/manifold/tps.py:92: RuntimeWarning: divide by zero encountered in matmul
  return Kq @ self._w + Pq @ self._poly
/Users/trinidad.borrell/Documents/Work/MARS-V/code/manifold-persona/manifold/tps.py:92: RuntimeWarning: overflow encountered in matmul
  return Kq @ self._w + Pq @ self._poly
/Users/trinidad.borrell/Documents/Work/MARS-V/code/manifold-persona/manifold/tps.py:92: RuntimeWarning: invalid value encountered in matmul
  return Kq @ self._w + Pq @ self._poly
/Users/trinidad.borrell/Documents/Work/MARS-V/code/manifold-persona/manifold/tps.py:92: RuntimeWarning: divide by zero encountered in matmul
  return Kq @ self._w + Pq @ self._poly
/Users/trinidad.borrell/Documents/Work/MARS-V/code/manifold-persona/manifold/tps.py:92: RuntimeWarning: overflow encountered in matmul
  return Kq @ self._w + Pq @ self._poly
/Users/trinidad.borrell/Documents/Work/MARS-V/code/manifold-persona/manifold/tps.py:92: RuntimeWarning: invalid value encountered in matmul
  return Kq @ self._w + Pq @ self._poly
/Users/trinidad.borrell/Documents/Work/MARS-V/code/manifold-persona/manifold/tps.py:92: RuntimeWarning: divide by zero encountered in matmul
  return Kq @ self._w + Pq @ self._poly
/Users/trinidad.borrell/Documents/Work/MARS-V/code/manifold-persona/manifold/tps.py:92: RuntimeWarning: overflow encountered in matmul
  return Kq @ self._w + Pq @ self._poly
/Users/trinidad.borrell/Documents/Work/MARS-V/code/manifold-persona/manifold/tps.py:92: RuntimeWarning: invalid value encountered in matmul
  return Kq @ self._w + Pq @ self._poly
/Users/trinidad.borrell/Documents/Work/MARS-V/code/manifold-persona/manifold/tps.py:92: RuntimeWarning: divide by zero encountered in matmul
  return Kq @ self._w + Pq @ self._poly
/Users/trinidad.borrell/Documents/Work/MARS-V/code/manifold-persona/manifold/tps.py:92: RuntimeWarning: overflow encountered in matmul
  return Kq @ self._w + Pq @ self._poly
/Users/trinidad.borrell/Documents/Work/MARS-V/code/manifold-persona/manifold/tps.py:92: RuntimeWarning: invalid value encountered in matmul
  return Kq @ self._w + Pq @ self._poly
/Users/trinidad.borrell/Documents/Work/MARS-V/code/manifold-persona/manifold/tps.py:92: RuntimeWarning: divide by zero encountered in matmul
  return Kq @ self._w + Pq @ self._poly
/Users/trinidad.borrell/Documents/Work/MARS-V/code/manifold-persona/manifold/tps.py:92: RuntimeWarning: overflow encountered in matmul
  return Kq @ self._w + Pq @ self._poly
/Users/trinidad.borrell/Documents/Work/MARS-V/code/manifold-persona/manifold/tps.py:92: RuntimeWarning: invalid value encountered in matmul
  return Kq @ self._w + Pq @ self._poly
/Users/trinidad.borrell/Documents/Work/MARS-V/code/manifold-persona/manifold/tps.py:92: RuntimeWarning: divide by zero encountered in matmul
  return Kq @ self._w + Pq @ self._poly
/Users/trinidad.borrell/Documents/Work/MARS-V/code/manifold-persona/manifold/tps.py:92: RuntimeWarning: overflow encountered in matmul
  return Kq @ self._w + Pq @ self._poly
/Users/trinidad.borrell/Documents/Work/MARS-V/code/manifold-persona/manifold/tps.py:92: RuntimeWarning: invalid value encountered in matmul
  return Kq @ self._w + Pq @ self._poly
/Users/trinidad.borrell/Documents/Work/MARS-V/code/manifold-persona/manifold/tps.py:92: RuntimeWarning: divide by zero encountered in matmul
  return Kq @ self._w + Pq @ self._poly
/Users/trinidad.borrell/Documents/Work/MARS-V/code/manifold-persona/manifold/tps.py:92: RuntimeWarning: overflow encountered in matmul
  return Kq @ self._w + Pq @ self._poly
/Users/trinidad.borrell/Documents/Work/MARS-V/code/manifold-persona/manifold/tps.py:92: RuntimeWarning: invalid value encountered in matmul
  return Kq @ self._w + Pq @ self._poly
/Users/trinidad.borrell/Documents/Work/MARS-V/code/manifold-persona/manifold/tps.py:92: RuntimeWarning: divide by zero encountered in matmul
  return Kq @ self._w + Pq @ self._poly
/Users/trinidad.borrell/Documents/Work/MARS-V/code/manifold-persona/manifold/tps.py:92: RuntimeWarning: overflow encountered in matmul
  return Kq @ self._w + Pq @ self._poly
/Users/trinidad.borrell/Documents/Work/MARS-V/code/manifold-persona/manifold/tps.py:92: RuntimeWarning: invalid value encountered in matmul
  return Kq @ self._w + Pq @ self._poly
/Users/trinidad.borrell/Documents/Work/MARS-V/code/manifold-persona/manifold/tps.py:92: RuntimeWarning: divide by zero encountered in matmul
  return Kq @ self._w + Pq @ self._poly
/Users/trinidad.borrell/Documents/Work/MARS-V/code/manifold-persona/manifold/tps.py:92: RuntimeWarning: overflow encountered in matmul
  return Kq @ self._w + Pq @ self._poly
/Users/trinidad.borrell/Documents/Work/MARS-V/code/manifold-persona/manifold/tps.py:92: RuntimeWarning: invalid value encountered in matmul
  return Kq @ self._w + Pq @ self._poly
/Users/trinidad.borrell/Documents/Work/MARS-V/code/manifold-persona/manifold/tps.py:92: RuntimeWarning: divide by zero encountered in matmul
  return Kq @ self._w + Pq @ self._poly
/Users/trinidad.borrell/Documents/Work/MARS-V/code/manifold-persona/manifold/tps.py:92: RuntimeWarning: overflow encountered in matmul
  return Kq @ self._w + Pq @ self._poly
/Users/trinidad.borrell/Documents/Work/MARS-V/code/manifold-persona/manifold/tps.py:92: RuntimeWarning: invalid value encountered in matmul
  return Kq @ self._w + Pq @ self._poly
/Users/trinidad.borrell/Documents/Work/MARS-V/code/manifold-persona/manifold/tps.py:92: RuntimeWarning: divide by zero encountered in matmul
  return Kq @ self._w + Pq @ self._poly
/Users/trinidad.borrell/Documents/Work/MARS-V/code/manifold-persona/manifold/tps.py:92: RuntimeWarning: overflow encountered in matmul
  return Kq @ self._w + Pq @ self._poly
/Users/trinidad.borrell/Documents/Work/MARS-V/code/manifold-persona/manifold/tps.py:92: RuntimeWarning: invalid value encountered in matmul
  return Kq @ self._w + Pq @ self._poly
/Users/trinidad.borrell/Documents/Work/MARS-V/code/manifold-persona/manifold/tps.py:92: RuntimeWarning: divide by zero encountered in matmul
  return Kq @ self._w + Pq @ self._poly
/Users/trinidad.borrell/Documents/Work/MARS-V/code/manifold-persona/manifold/tps.py:92: RuntimeWarning: overflow encountered in matmul
  return Kq @ self._w + Pq @ self._poly
/Users/trinidad.borrell/Documents/Work/MARS-V/code/manifold-persona/manifold/tps.py:92: RuntimeWarning: invalid value encountered in matmul
  return Kq @ self._w + Pq @ self._poly
/Users/trinidad.borrell/Documents/Work/MARS-V/code/manifold-persona/manifold/tps.py:92: RuntimeWarning: divide by zero encountered in matmul
  return Kq @ self._w + Pq @ self._poly
/Users/trinidad.borrell/Documents/Work/MARS-V/code/manifold-persona/manifold/tps.py:92: RuntimeWarning: overflow encountered in matmul
  return Kq @ self._w + Pq @ self._poly
/Users/trinidad.borrell/Documents/Work/MARS-V/code/manifold-persona/manifold/tps.py:92: RuntimeWarning: invalid value encountered in matmul
  return Kq @ self._w + Pq @ self._poly
/Users/trinidad.borrell/Documents/Work/MARS-V/code/manifold-persona/manifold/tps.py:92: RuntimeWarning: divide by zero encountered in matmul
  return Kq @ self._w + Pq @ self._poly
/Users/trinidad.borrell/Documents/Work/MARS-V/code/manifold-persona/manifold/tps.py:92: RuntimeWarning: overflow encountered in matmul
  return Kq @ self._w + Pq @ self._poly
/Users/trinidad.borrell/Documents/Work/MARS-V/code/manifold-persona/manifold/tps.py:92: RuntimeWarning: invalid value encountered in matmul
  return Kq @ self._w + Pq @ self._poly
/Users/trinidad.borrell/Documents/Work/MARS-V/code/manifold-persona/manifold/tps.py:92: RuntimeWarning: divide by zero encountered in matmul
  return Kq @ self._w + Pq @ self._poly
/Users/trinidad.borrell/Documents/Work/MARS-V/code/manifold-persona/manifold/tps.py:92: RuntimeWarning: overflow encountered in matmul
  return Kq @ self._w + Pq @ self._poly
/Users/trinidad.borrell/Documents/Work/MARS-V/code/manifold-persona/manifold/tps.py:92: RuntimeWarning: invalid value encountered in matmul
  return Kq @ self._w + Pq @ self._poly
/Users/trinidad.borrell/Documents/Work/MARS-V/code/manifold-persona/manifold/tps.py:92: RuntimeWarning: divide by zero encountered in matmul
  return Kq @ self._w + Pq @ self._poly
/Users/trinidad.borrell/Documents/Work/MARS-V/code/manifold-persona/manifold/tps.py:92: RuntimeWarning: overflow encountered in matmul
  return Kq @ self._w + Pq @ self._poly
/Users/trinidad.borrell/Documents/Work/MARS-V/code/manifold-persona/manifold/tps.py:92: RuntimeWarning: invalid value encountered in matmul
  return Kq @ self._w + Pq @ self._poly
/Users/trinidad.borrell/Documents/Work/MARS-V/code/manifold-persona/manifold/tps.py:92: RuntimeWarning: divide by zero encountered in matmul
  return Kq @ self._w + Pq @ self._poly
/Users/trinidad.borrell/Documents/Work/MARS-V/code/manifold-persona/manifold/tps.py:92: RuntimeWarning: overflow encountered in matmul
  return Kq @ self._w + Pq @ self._poly
/Users/trinidad.borrell/Documents/Work/MARS-V/code/manifold-persona/manifold/tps.py:92: RuntimeWarning: invalid value encountered in matmul
  return Kq @ self._w + Pq @ self._poly
/Users/trinidad.borrell/Documents/Work/MARS-V/code/manifold-persona/manifold/tps.py:92: RuntimeWarning: divide by zero encountered in matmul
  return Kq @ self._w + Pq @ self._poly
/Users/trinidad.borrell/Documents/Work/MARS-V/code/manifold-persona/manifold/tps.py:92: RuntimeWarning: overflow encountered in matmul
  return Kq @ self._w + Pq @ self._poly
/Users/trinidad.borrell/Documents/Work/MARS-V/code/manifold-persona/manifold/tps.py:92: RuntimeWarning: invalid value encountered in matmul
  return Kq @ self._w + Pq @ self._poly
run_dir=/Users/trinidad.borrell/Documents/Work/MARS-V/code/manifold-persona/output/manifold_h1-2/2026-07-23T14-56
seed=0  D=50  k=3  floor=0.3

[0] Loading role cloud (prompt_avg, layer 26) ...
    raw=(6900, 50)  roles=276  default_kept=True
    data-scale: within-role noise/dim=1.252  role-spread=11.326

[1] POSITIVE CONTROL (curved k=3 manifold, calibrated to data; pass or STOP) ...
    pos-ctrl R2=0.647 null_med=0.388 p=0.0196 rel_red=0.42 -> PASS
wrote /Users/trinidad.borrell/Documents/Work/MARS-V/code/manifold-persona/output/manifold_h1-2/2026-07-23T14-56/figures/figPC_positive_control.png
    tau percentiles (cos-sim): {25: -0.24472427304480643, 50: -0.012749573353294519, 75: 0.23460134933708837}

[2] DECIDER  C_role (prompt_avg, k=3) + 100-perm null ...
    C_role R2=0.655 null_med=0.372 p=0.0099 z=26.9 rel_red=0.45 gap=0.283 -> SUPPORTED

[3] ROBUSTNESS (exploratory) ...
    C_tau25 tau=-0.245 #manifolds=1 R2=0.655 null_med=0.373 p=0.0244 rel_red=0.45
    C_tau50 tau=-0.013 #manifolds=1 R2=0.655 null_med=0.373 p=0.0244 rel_red=0.45
    C_tau75 tau=0.235 #manifolds=1 R2=0.655 null_med=0.373 p=0.0244 rel_red=0.45
    C_raw (0a, 5-fold CV, anchor cap) ...
    C_raw R2=0.638 (CV)
    PCA-plane baseline R2=0.466
    prompt_last replication of C_role ...
    C_role[prompt_last] R2=0.638 null_med=0.377 p=0.0244 rel_red=0.42
    k=2 robustness of C_role ...
    C_role[k=2] R2=0.639 null_med=0.289 rel_red=0.49

[4] Saving metrics, manifolds, figures ...
wrote /Users/trinidad.borrell/Documents/Work/MARS-V/code/manifold-persona/output/manifold_h1-2/2026-07-23T14-56/figures/fig01_null_vs_real.png
wrote /Users/trinidad.borrell/Documents/Work/MARS-V/code/manifold-persona/output/manifold_h1-2/2026-07-23T14-56/figures/fig03_roles_pc12.png
wrote /Users/trinidad.borrell/Documents/Work/MARS-V/code/manifold-persona/output/manifold_h1-2/2026-07-23T14-56/figures/fig02_roles_pc123.png
wrote /Users/trinidad.borrell/Documents/Work/MARS-V/code/manifold-persona/output/manifold_h1-2/2026-07-23T14-56/figures/fig02_roles_pc123.html
wrote /Users/trinidad.borrell/Documents/Work/MARS-V/code/manifold-persona/output/manifold_h1-2/2026-07-23T14-56/figures/fig04_manifolds_vs_tau.png
wrote /Users/trinidad.borrell/Documents/Work/MARS-V/code/manifold-persona/output/manifold_h1-2/2026-07-23T14-56/figures/fig05_spline_vs_plane.png

DONE in 184s. Verdict (C_role): SUPPORTED
