TwoNN,MLE,lPCA,PCA_participation_ratio,PCA_dim_90pct,PCA_dim_95pct,eig_decay_exponent,effective_rank,betti0,betti1,H1_total_persistence,H1_max_lifetime,cloud_diameter,H1_max_lifetime_frac,spline_r2,curvature_gain,local_id_mean,local_id_cv,instr_frac,quest_frac,interaction_frac,log_var,rms_radius,role,axis_proj,mean_norm,cos_axis,dist_default
3.3998557740945845,5.303328229123371,22.0,13.124548970413976,28,36,-1.1733422851723632,23.470296868575915,175,0,64.2047529220581,2.8521547317504883,35.44285687679607,0.08047191967805939,0.8096535039054846,0.4143351539693556,4.442883597101621,0.2829166323390705,0.11718466752256872,0.6478784496533465,0.23493688282408443,10.819769578404301,15.81131947397114,aberration,-1.1270749582258537,3.174216912848556,-0.35507181429967616,5.406215665598005
6.941634618318733,8.359889912392179,34.0,19.243081455983766,33,41,-0.9565331686176152,30.372152056191343,200,0,73.05186748504639,1.6983985900878906,25.700702893214025,0.06608374086672678,0.6538667209029503,0.3418780596924542,6.07223648591668,0.12175014186434395,0.05636823234057289,0.561000168951118,0.3826315987083092,10.32945681523542,12.373656344576737,absurdist,-9.138830463528553,13.043640156336176,-0.70063497259921,15.608952965020467
3.2344694385718737,2.977554725226918,27.0,16.452113529561284,28,36,-1.176194841407883,26.150136663098603,163,0,28.496944904327393,2.2750167846679688,33.39414178657196,0.06812622403079005,0.8904025124742383,0.5557748129769857,3.3527330471107497,0.25671118541711013,0.014908875417922204,0.820133876675573,0.16495724790650437,10.729447190759512,15.1131452595659,accountant,1.823253818425974,4.699059652983399,0.38800397378833085,4.606277599514284
3.944847470977993,2.3764297075892777,26.0,15.652193994230934,26,34,-1.267325942545504,24.881188469175342,157,0,24.017040252685547,2.206122398376465,34.52249083168438,0.06390391727910052,0.9252579983983573,0.5681592956773543,3.0776349743285634,0.2589089861818389,0.007398409171467344,0.8655228069710752,0.1270787838574573,10.755827440796775,15.313810022332058,activist,1.929414638614063,3.5727688486895515,0.540033436342166,3.3438180638430968
4.002187976349118,4.358948354788248,26.0,16.286663648934717,28,36,-1.1556612127802006,26.262237887588455,186,0,54.073331356048584,2.6398048400878906,34.40657266822501,0.07672385347831492,0.825368948810041,0.4876998221196125,4.176489133942773,0.23890380431069805,0.03277740167769392,0.7210015099845699,0.24622108833773637,10.707967448279462,14.951700525091715,actor,-1.1718109606429443,3.699536842453189,-0.31674531449345106,5.756871934353975
4.3415638269420995,3.751898591294638,24.0,14.312853810311148,27,35,-1.2011996591801206,24.34981078381486,187,0,36.39222002029419,2.341965675354004,35.76581091684464,0.06548056972059334,0.8541877540147528,0.4842203128951721,3.9570368067874107,0.26956414821136965,0.023029461518349385,0.7783534119172383,0.1986171265644124,10.645824294497118,14.49427094304071,addict,0.5690920198789141,4.595807744360963,0.1238285088355116,5.363417897757705
3.550190779455914,3.5238926493823226,27.0,15.322469077369885,28,36,-1.1848761090090818,25.246754757112125,187,0,43.82666540145874,3.02398681640625,35.758522340609815,0.0845668841570672,0.8418099801380834,0.4814808847501668,3.851766647592775,0.21371663359742593,0.04588072157429652,0.7777860873802539,0.17633319104544964,10.731017288305043,15.125014474051103,adolescent,0.8352101993236019,6.636646132134929,0.12584823458937758,7.062898991483603
3.7588612642665784,2.1465969232518067,28.0,15.69798817860259,27,34,-1.2435147198938332,25.11707297135978,143,0,19.03325843811035,2.4767513275146484,36.46525382887863,0.06792085800738859,0.9292408362915346,0.5722668251105777,2.799002942359815,0.2840076196949201,0.008465108456591798,0.8711098033951918,0.12042508814821555,10.810929575014299,15.741587636042711,advocate,2.4101349397898972,3.1534545888224863,0.7642840167518797,2.258215074067582
4.845185653900602,6.134686873249958,28.0,15.841826007516458,30,38,-1.1042181741856791,26.126569923773474,200,0,58.87828588485718,2.40728759765625,32.50479682810017,0.07405945683608048,0.7657373602038333,0.39951538516108887,4.972966265914007,0.21026135127348386,0.07465898612540729,0.6755489329884845,0.2497920808861081,10.563561465991809,13.910195350442418,alien,-3.3005058134735714,5.663559729712608,-0.5827617207174846,8.122306940046379
3.9442508924222826,2.2211678378501944,25.0,14.483005484853143,26,33,-1.2949978261016044,23.87870693824126,140,0,24.878549575805664,2.1070146560668945,35.72555691390782,0.05897779735510972,0.9300848435341487,0.5550725599751996,2.8953868287222235,0.28336847610789434,0.007487314543214927,0.8730767726440294,0.11943591281275556,10.779168729982475,15.493579026108389,altruist,1.6530636594508512,3.186445065245943,0.5187799022429596,3.2318145671212966
3.9718482360323284,2.200617822776153,27.0,15.397255010248893,27,34,-1.241236724272002,24.996891993678567,160,0,18.778095245361328,2.1051883697509766,35.41622111394799,0.05944136058383397,0.9267964637229155,0.5616294463303051,2.8895531967118586,0.28660446305693293,0.010306980356980763,0.8623956013728384,0.12729741827018048,10.81542140598113,15.776981642543971,amateur,1.6690812885415554,3.496786235900076,0.47731865088170944,3.5227892962838654
3.950283700748217,2.2680069311299955,27.0,15.431002326050915,26,34,-1.2568090777871777,24.833449819460007,134,0,24.56456756591797,1.7475833892822266,35.749495543879306,0.0488841412359854,0.9288263379785499,0.5694356948163155,2.9508720740531498,0.289121326535799,0.008565206394952654,0.8721193438481685,0.11931544975687877,10.820956857277865,15.820708483325832,ambassador,2.4130088333855486,3.093129617729542,0.7801188865653732,2.1686894564220114
4.643612292993034,4.631465388697155,22.0,13.987021066846951,28,37,-1.1550377404238303,24.424622512762348,194,0,40.43416357040405,1.8861923217773438,34.1867168931927,0.05517325128558702,0.8110704920575262,0.43412562485936834,4.220881910050117,0.23218500461952035,0.04089087603538716,0.736444443171612,0.22266468079300128,10.668241266013963,14.657643642397014,amnesiac,-1.781122705242122,4.863058847583278,-0.36625563478987305,6.872982134963315
2.9383434743317345,2.5815122756133873,27.0,15.837121983998312,27,35,-1.2092096133376828,25.52398626581859,158,0,21.644062995910645,1.860280990600586,34.743881792089624,0.05354269283244363,0.9030529030709058,0.552237300604435,3.2360031411957584,0.2772765854273039,0.011372024702369263,0.8411042346437129,0.1475237406539179,10.775912903706592,15.468377343898432,analyst,2.7076287102223766,4.33124926880012,0.6251380472896374,3.4491733532304694
5.0866378858779795,5.14208173381737,25.0,14.118654166961539,27,36,-1.178562531033026,23.785054472230204,196,0,42.91063594818115,1.6458892822265625,34.70697268054565,0.04742243863721181,0.8084115348420404,0.41235768504719683,4.600740113084525,0.1917531872776605,0.03143430534891856,0.7256481526236007,0.24291754202748092,10.39275636587348,12.771543087448805,anarchist,-1.1846752158732858,8.173102346476663,-0.14494804612155465,9.29203282662303
5.5684539628550205,3.5335298236646953,23.0,14.044017036455333,27,35,-1.2116560953408972,24.000814619467903,185,0,43.535537242889404,2.277388572692871,35.90735157519759,0.0634240196725046,0.8759854909515296,0.4895463635777325,3.807110078807897,0.2815027150456852,0.018870080597159257,0.8071581614231081,0.1739717579797325,10.783974614176591,15.530853966209836,ancient,-1.2597687313722021,3.889855312145759,-0.32386004884003683,5.93149872243357
4.478518342272988,3.1838258722397996,24.0,13.765662377474772,26,34,-1.2355298741489393,23.672190230603526,176,0,40.8865647315979,3.3721227645874023,35.7586544172254,0.09430228344842326,0.883184604291603,0.4953241419474598,3.690804895837149,0.275372070839925,0.025205346063183497,0.8135220421681449,0.16127261176867158,10.789398271370187,15.57302813884601,angel,-0.09197163228441836,3.5891010856232435,-0.025625255486067644,5.00110709095698
4.009746108256521,3.860776087747409,26.0,14.978317012905201,28,36,-1.1857308714982562,24.79081819790286,182,0,27.07841682434082,1.6713294982910156,34.65315693689933,0.04823022333389062,0.8586388484497824,0.47925660717205176,3.9257327650576044,0.26731056106220724,0.021306599881318097,0.7714019903394334,0.20729140977924854,10.632262299295597,14.39631781186413,anthropologist,0.6655582585536349,5.400828600309764,0.12323261999380278,6.013262853571965
4.005583369418835,4.741839156801913,25.0,14.788931584405473,28,37,-1.1618682972867111,24.799589593997563,186,0,29.946777820587158,1.8509502410888672,33.920673439749855,0.05456702516170672,0.828656454642815,0.4489271183900577,4.246938214514867,0.2564201990702098,0.02445860680797543,0.7455289816110683,0.23001241158095637,10.590016933802262,14.095418050664787,archaeologist,-1.4931981150488296,6.419685722865704,-0.2325967624443578,7.9276503964895975
3.8133351402972933,3.5120971198211146,28.0,15.70839614029476,27,35,-1.2046271970581703,25.321129031404055,173,0,37.41003656387329,2.149397850036621,34.78312573194965,0.06179426962949208,0.8740445738947997,0.5180440577389419,3.595311655147747,0.30624348477084923,0.01816005170079347,0.8095958079309608,0.17224414036824573,10.749235872904556,15.263422092581925,architect,1.112037800226768,4.472117002178187,0.24866026530279492,4.895029738346162
3.706175174669659,2.737512203762276,28.0,16.00447782209165,27,35,-1.2245521733386477,25.352890653962,160,0,27.623273849487305,2.1345386505126953,36.077401086244954,0.05916553261167473,0.9063824954932479,0.5582450572480806,3.294602533484426,0.27708623353115286,0.014868003994491267,0.8383039961200812,0.14682799988542816,10.787992819920627,15.562088415622771,archivist,1.4359054585940063,3.4112544631604806,0.4209317933038802,3.6607431823086833
3.6848929068182024,3.8806847014825028,26.0,15.653790016409628,28,36,-1.1789150975806157,25.327383372309686,175,0,40.4741735458374,1.8013715744018555,34.68608669664833,0.051933548749848436,0.8642099478792017,0.5070387562992883,3.8414815653021117,0.28065431805981655,0.027224329563376757,0.7781518688092142,0.19462380162740958,10.762761583217264,15.366996239102678,artisan,-0.03890236396930817,3.1377123676321848,-0.012398320627032205,4.649155317676035
5.172111466951522,4.811695385152689,22.0,14.16322637125655,28,37,-1.1597492526932256,24.549989874902902,195,0,32.95984363555908,1.165719985961914,35.21838597679229,0.033099756097002386,0.7986402198638674,0.4293337485097364,4.412009668969539,0.22355816408293921,0.04192297065276677,0.720511700019707,0.23756532932752636,10.538038235394989,13.733806684666572,ascetic,-1.9849876757035891,6.210016531090858,-0.3196428972073773,7.970938286649442
3.550204458507156,1.7364526334793569,28.0,15.54944512526682,26,33,-1.3056330314797493,24.739460294226756,108,0,15.178307294845581,2.1259593963623047,34.8088436248183,0.06107526636841565,0.9512846885515672,0.5962918874547638,2.4995436482400715,0.24554435892201285,0.0043258114235346125,0.9058097778439435,0.08986441073252195,10.835935195103962,15.939637224327592,assistant,3.5491547910441,3.927031297826106,0.9037755296243277,1.6881292874494094
4.43345712101073,6.419227625490135,24.0,14.82563446902227,29,38,-1.108495604395094,25.44238156447867,197,0,75.30458354949951,2.7228193283081055,34.18199657366012,0.07965653271424902,0.746352200251347,0.3752846151928241,5.051041472343176,0.22202919655062012,0.08604972745951671,0.6007817059949654,0.3131685665455179,10.65109076918027,14.53248809385821,auctioneer,-2.8394584645248644,6.55462018181402,-0.43319954257655124,8.586692305472102
3.1276378923515806,3.0032604440844786,27.0,15.963776852807293,27,35,-1.2077332748264111,25.45462105418919,166,0,32.648189544677734,1.8789863586425781,34.81491957514773,0.05397072236765623,0.8900140886976183,0.5372585321771852,3.557819273557809,0.284900602588562,0.012000086096617657,0.8240576175403963,0.16394229636298618,10.73130123926272,15.127162007668439,auditor,1.9641500357274677,4.799675462749896,0.40922559264082825,4.606265661677843
4.182611468703022,3.8901139489672767,23.0,13.762693556597238,27,36,-1.1912450112939916,24.048586270889647,194,0,48.32313013076782,2.659587860107422,34.56571579955172,0.07694294183087376,0.8476794046550434,0.45809148427739776,3.9803099074654438,0.24436194090014082,0.034366024376918526,0.7729216785736304,0.19271229704945084,10.770152315553354,15.423887970256898,avatar,-1.3815923401456622,4.359008057657793,-0.3169510865478939,6.314990045188188
6.134572667548347,6.491882074303199,28.0,16.686039876137666,30,39,-1.0638837288972314,27.378233125077795,200,0,70.35690975189209,2.7244138717651367,30.67548435394738,0.08881404578097735,0.7284809721436052,0.38950358197545654,5.122660765021307,0.17188872879368053,0.05526280463641532,0.631753355143847,0.3129838402197376,10.55313795633851,13.837887411980047,bard,-7.649049184296953,10.85498394428311,-0.7046578072854179,13.462055517377973
4.5661554215298175,3.933488956665682,27.0,15.654367733764268,28,36,-1.1863767896397976,25.424497523409645,181,0,34.665635108947754,1.7839546203613281,33.96342960796573,0.052525750224674664,0.8603990793235616,0.5016528352265541,3.975578383092533,0.2700765675323414,0.023505556897798003,0.7759339187329465,0.20056052436925603,10.724719897414834,15.077465308075325,bartender,-0.40686220460189676,4.1218653359263975,-0.09870827196989289,5.590653029844257
3.7324698625983173,3.1114535880360097,28.0,15.604159575661264,27,35,-1.2133626699312017,24.96164202489128,169,0,35.871965408325195,3.1352672576904297,34.39140230166408,0.0911642750181991,0.8956243711621035,0.5405519474832033,3.594469318567034,0.3192357602856105,0.011781239365576103,0.8265357399558305,0.16168302067859333,10.777779197025739,15.482818345284112,biologist,1.0144140956876422,4.598357477075783,0.22060357437298128,5.07628323504195
4.119278359935731,2.282417609937048,26.0,15.216305948890883,27,34,-1.2402211382044768,24.834655996517807,153,0,24.388186931610107,2.4831771850585938,35.898401335126565,0.06917236123907296,0.9219619066172924,0.5507988216229758,2.98409050001845,0.2836904956556218,0.00942314645283713,0.8628916426157245,0.12768521093143884,10.828352159473592,15.879316232144763,blogger,1.3670282425220948,2.8958446263725355,0.472065465830774,3.2584596559245824
5.677662968309273,4.234034665515321,28.0,16.03068418978582,28,37,-1.1490919112225741,25.70212094496063,197,0,35.00482177734375,2.3411998748779297,31.02186916579513,0.0754693362403626,0.8326777807797108,0.4748097340341504,4.38582765853144,0.20920802809621203,0.029379647530401037,0.7382999885320864,0.23232036393751274,10.560972004768015,13.892197048695106,bohemian,-4.6303732091130545,7.374345007836467,-0.627902980426399,9.864009302661307
3.109481269252677,2.6580959871005616,27.0,15.943742303766651,27,35,-1.2070442948916924,25.566869507936843,149,0,29.428553104400635,1.8480310440063477,35.93595553711491,0.051425682617446705,0.9014915907987533,0.5509828433894592,3.2793328547629685,0.28685221372883635,0.011995824363853127,0.8385768767618793,0.1494272988742674,10.799299263425029,15.650313495368906,builder,1.501890163055636,2.7209254355832013,0.5519776997246975,2.952995414815673
4.868252278747222,2.2173857442550053,25.0,14.437161192401058,26,34,-1.274931707287785,24.16114908730684,148,0,21.812200784683228,2.092937469482422,35.96684399640043,0.05819074561259486,0.9314004934029909,0.5597439774371269,2.813524933473604,0.2816584732184816,0.008458302729722408,0.8734419697740775,0.1180997274962,10.827419444122611,15.871912517662093,caregiver,2.1131608784209766,3.493416414062909,0.6048980791165777,3.0616784487455955
3.2606751260703426,2.9445346143687425,26.0,15.812095945189816,27,35,-1.2221631357967138,25.17983953414809,166,0,25.335212230682373,2.9661693572998047,35.70582194637816,0.08307242896562643,0.8943497371308161,0.5385416555728127,3.3082550268266493,0.280986297511799,0.009220873529753102,0.8301702129618889,0.16060891350835763,10.760293902305975,15.348047509719486,cartographer,0.6965850938375191,3.509946775829019,0.19846030106054577,4.37031148134467
6.432326630171057,8.383714772440639,26.0,16.48065759351186,30,38,-1.0935878105096704,26.952187221262548,197,0,104.156081199646,2.811267852783203,50.795541243953465,0.055344776016494304,0.6885465244386394,0.35302069262503943,5.6508165397838725,0.15698773857641685,0.1230862591606409,0.5417801299414179,0.3351336108979411,10.632195853705538,14.395839533893197,caveman,-5.182303730144503,11.162605153359841,-0.4642557592019348,13.086853637720985
4.411297611074672,3.693001944446503,26.0,15.171132683291937,28,36,-1.190317047407703,25.11158434819585,182,0,46.746625900268555,2.1441469192504883,34.156967412405685,0.06277333972194915,0.8573716357301051,0.49762636587285536,3.8848340616983705,0.2790302372076342,0.03955601559473408,0.7812923961953012,0.17915158820996466,10.735828418843028,15.161442480970388,celebrity,0.04776936223383113,3.3621553489835883,0.014207958073166448,4.741889728105993
4.215912614841419,2.7891724328569585,25.0,14.864662775191704,27,35,-1.200417696638407,24.860083561678508,176,0,30.153310298919678,2.3201255798339844,34.81340474977724,0.06664460418364652,0.8969673547209365,0.5226364668138614,3.340625878245252,0.2347454194822615,0.011679835861018076,0.8273760192128278,0.16094414492615364,10.798632747292713,15.645098771131378,chameleon,0.2175578514992751,2.511866582698753,0.08661202509630532,4.0421611420644155
3.834576826435015,3.301802738977473,30.0,16.17782498247498,28,36,-1.176677642365246,25.618717421278607,177,0,33.63576889038086,1.5651578903198242,32.672950434278,0.047903781859803464,0.8684575071075893,0.5175416128899789,3.755436055754128,0.26712446996089145,0.018132794025295603,0.7959761596844442,0.18589104629026004,10.713692722140733,14.99456313596658,chef,-0.09434010642066618,4.468553520397915,-0.021112001006595396,5.666874244885079
3.836573393614248,4.349423736569562,29.0,16.247747683572275,29,37,-1.1520638667194159,25.957718222412822,176,0,25.202879905700684,2.063277244567871,38.26083758516967,0.053926609420793775,0.8429708454748351,0.49557861923276214,4.009253230699296,0.2978824224743263,0.03100953353159782,0.7460828300463992,0.22290763642200329,10.71864478647193,15.031736158408473,chemist,0.3344614789678642,5.043721342917777,0.06631244199037754,5.888603364326901
5.6054600889157,5.686619603369986,25.0,15.067523405941026,29,38,-1.1022111556477665,25.939796952155525,199,0,77.81792974472046,2.26297664642334,29.655931878124758,0.0763077233830777,0.7759108671834696,0.414765021497866,4.89820194866831,0.20859394046891955,0.04139964587900466,0.6962700681984971,0.2623302859224985,10.504369577523013,13.50454243462209,chimera,-4.689591414350515,7.283837864734275,-0.6438352282737966,9.817012917160913
2.7933276182865945,2.8610758393082962,26.0,15.592779631525648,27,35,-1.223474271144724,25.206622502468207,166,0,26.728368520736694,1.7425575256347656,34.63163136123706,0.05031693446544357,0.9030390798012464,0.5502770686616243,3.291887158906693,0.23884210771918643,0.01782580543782646,0.8344688573224072,0.14770533723976625,10.744346924442535,15.2261566164042,coach,2.7010253018752026,4.0618261130236455,0.6649780730924851,3.1113188774400915
4.684159704042463,2.0210275686884076,27.0,15.334216545508541,26,34,-1.2785425145347014,24.685883129837887,128,0,22.837772846221924,1.4595441818237305,36.07887194041941,0.04045426321072398,0.939288977804718,0.5782803219084689,2.80632195909463,0.26434823113684197,0.006197131991321948,0.885822523614018,0.10798034439466002,10.789968856043687,15.577471638252046,collaborator,2.6863168681618985,3.256983043543535,0.8247868755371958,1.9722052658197542
4.081256330785883,2.8559205714488347,27.0,15.829952597799165,27,35,-1.231849536328484,25.26296788774229,156,0,32.7911114692688,2.4148950576782227,36.174960322951755,0.06675598358973336,0.9020181847717297,0.5508203886618277,3.3144901685670884,0.3128337835673514,0.014063760022166439,0.8393818382365507,0.14655440174128284,10.830452822604979,15.896003541294672,collector,1.5852166871877607,2.887123463042631,0.5490643914192573,3.0144561044290388
6.3221983633175824,7.0193372784344685,38.0,20.346969359361022,33,40,-0.9792018484537637,30.647685555003015,200,0,67.14148807525635,1.7958602905273438,26.530212296991966,0.06769113908413621,0.7060317437159833,0.4125141424072839,5.628536743130703,0.15820803597849867,0.02859343680160626,0.6001482289366498,0.3712583342617443,10.448336396440592,13.131442102861753,comedian,-6.66873933482278,14.541834098132876,-0.45858997495226717,16.377143468496794
4.363432030612071,3.477036250105064,27.0,16.25095724375424,28,36,-1.1642773669662125,26.17191140516415,192,0,39.30308437347412,2.5932817459106445,35.28160019756168,0.07350238456842632,0.8487264266393684,0.5023120155219576,3.7736029921711873,0.24017371857768133,0.03387394395554908,0.7761942915706493,0.1899317644738015,10.765569694971227,15.388587514615331,competitor,0.1783116070716234,2.936042622704203,0.06073195453388612,4.349273941029113
4.182861856213542,4.728521129607881,27.0,16.097490087554814,28,36,-1.1570090358125575,26.03573110480236,186,0,53.92049837112427,2.1609182357788086,31.622524439087222,0.06833477953163637,0.8268270193854119,0.47575723308901996,4.294792980374045,0.26134146545318493,0.04216758708226542,0.7197825795272786,0.23804983339045613,10.6676025095591,14.652963057630398,composer,-1.2003001649767113,4.974687699895785,-0.24128151099854095,6.663016484380034
4.437790374757838,3.344887005895341,27.0,15.876364113455923,28,36,-1.180001622170477,25.574170930054812,182,0,31.91412925720215,2.2482995986938477,32.81951366353993,0.06850496389870467,0.8781493710029112,0.5286224442434722,3.804857930620063,0.26410409767429277,0.01586657709044297,0.7944154247209203,0.18971799818863658,10.627056824903615,14.358896699795002,conservator,-0.5339264662363533,5.147331273351436,-0.10372879418128317,6.451561384413798
2.751603306155186,2.301624771459646,27.0,15.858826765306897,27,35,-1.2399062473869702,25.289448256816165,139,0,19.24442434310913,1.3149385452270508,35.253275836619004,0.03729975481771174,0.920501521609794,0.570771251405054,2.923048242695213,0.25685055609230234,0.007746848412308937,0.8657195279959563,0.12653362359173503,10.793258648696996,15.603116049545198,consultant,2.90718361173099,3.926203921670365,0.7404566012694922,2.682980309018968
4.862866661398358,3.3706469175232443,30.0,16.900523153748463,30,37,-1.108602949363701,27.04965068525616,197,0,25.975852012634277,1.9710617065429688,30.057818415972456,0.06557567416454829,0.8636921962275378,0.5188794983659306,3.9987031271752924,0.19765130407305787,0.016755858377310386,0.7680760924131844,0.21516804920950514,10.58368677561138,14.050875465238727,contrarian,-1.2987015358799765,5.4761093144991735,-0.23715770838273548,7.092502673318
3.7820806611062103,2.294009560188547,27.0,15.341946860288775,26,34,-1.2679219427302464,24.71139881467074,137,0,24.436001777648926,1.6708459854125977,34.90531635522775,0.047867951357568946,0.9322268291051427,0.5696153682426053,2.946775377267744,0.2865054276001066,0.007867541703637387,0.8732961779222078,0.11883628037415475,10.786563030883933,15.550967139663674,coordinator,2.482118936577998,3.5076126716283027,0.7076376923412555,2.640126946015999
5.909973427455512,7.125990346883494,25.0,14.597457125132431,29,37,-1.117192537399565,25.28871933469994,199,0,46.756531715393066,1.640157699584961,28.337741523252042,0.05787891382378366,0.7455523373398933,0.37518412268683365,5.171081985074471,0.19059238245663118,0.03084940953045466,0.6685332997882115,0.30061729068133364,10.289677269054568,12.129978509265374,coral_reef,-5.036197024928339,9.842525502377287,-0.5116773153101748,11.939267649112574
4.38005431333726,1.9984601792097287,27.0,15.347401550752748,26,33,-1.2885047581994038,24.707275811326234,147,0,22.083587884902954,1.720001220703125,35.70321931668679,0.048174961631519866,0.9400152323475597,0.5754819641446148,2.852021688520442,0.2728657060442438,0.007028582479805013,0.8866130508240084,0.10635836669618665,10.82930676686486,15.886897297557848,cosmopolitan,1.8604965043185357,2.7509195848271633,0.6763180263720534,2.539987744478071
3.77767177814255,2.237654450841216,25.0,14.507745353581043,26,34,-1.2709568619773377,24.198592759437535,137,0,14.950719356536865,1.4060821533203125,34.63992727876314,0.040591371396508265,0.9332831488915222,0.5597450513631478,2.729717167583197,0.2833673744630182,0.0061028861381822504,0.8762794102107905,0.11761770365102729,10.787552827234379,15.558665189642367,counselor,2.180598029727673,3.41215401733962,0.6390678787201513,2.8905399931796314
4.050548892991546,5.6121616117822795,23.0,15.152917078822346,29,37,-1.12992245187375,25.554589659564716,195,0,83.52147769927979,2.722235679626465,34.07314483644097,0.07989387808767962,0.7633064927631934,0.4050665218876922,4.759212454932904,0.21644236459037086,0.06652726007319724,0.6733981905167066,0.2600745494100963,10.67196672560168,14.684972316983654,criminal,-2.1920278638013047,4.90519976361706,-0.4468784085125452,7.101907270074207
3.219577895804829,2.3516741746578393,29.0,15.641577042770617,28,35,-1.2040363619277328,25.471791730811628,152,0,28.615841388702393,2.677675247192383,35.002012453733094,0.07650060837878477,0.9184881168921095,0.5594058033279322,3.2011297418552203,0.26893283706798427,0.007840043012289013,0.8568223112989739,0.13533764568873666,10.807396195338063,15.713801684936097,critic,1.690798336334582,2.9623705977239934,0.5707585464268489,2.9683063583111253
5.027887453218356,5.9430724526735546,21.0,12.869935507890487,28,36,-1.1695906693129856,23.498325390083327,199,0,68.19317245483398,2.4719409942626953,34.754882272256175,0.07112499978847504,0.7633025226011826,0.3664097190978498,4.935305452557569,0.20476214493444073,0.07713686806107724,0.6687928211110927,0.25407031082782944,10.663368641626887,14.62197651223676,crystalline,-4.1176408697953,7.82094119431722,-0.5264891740635032,10.030278450971126
4.219540639012303,3.3281245638218024,29.0,16.46964505247493,28,35,-1.1920796306414918,26.116313278950887,177,0,40.86720943450928,2.486435890197754,33.942075348657944,0.07325526988720407,0.8770898771285284,0.5346605720365463,3.5463932548916812,0.3107371131375704,0.01891937165032162,0.8027775715366176,0.17830305681306116,10.755490711988951,15.311231938870856,curator,1.3969802230755688,3.318317766500612,0.4209904901750196,3.611050164161521
4.378374589506102,2.9923600362086784,26.0,15.014770012172564,27,35,-1.2165661073454865,24.570775457720654,177,0,36.57727098464966,3.1046810150146484,34.267187227235155,0.09060215518789604,0.8934965936195236,0.5228288338916022,3.568132667636064,0.26133920322267634,0.011830790325927877,0.8216474934165185,0.16652171625755396,10.731623722760316,15.129601334380276,cyborg,0.5328073649231548,3.0278762283558454,0.1759673529365077,4.130253075132119
5.4824184847299815,6.2908808367493165,26.0,15.654975369192812,30,38,-1.0841666018119305,26.469689549702384,197,0,72.6785979270935,3.2751474380493164,35.39021957006373,0.09254385753570556,0.7594451808197684,0.4049409683858941,5.097724079501512,0.19886827333308688,0.06070740999011954,0.6655144161095647,0.2737781739003157,10.581615324832036,14.03633015054838,cynic,-2.5754649087921626,7.277454816955419,-0.3538963791010699,9.051998040923182
4.899969289139636,4.485313934362871,25.0,14.749951759557622,28,36,-1.1768235670422673,24.649287255548472,193,0,61.99543619155884,2.117532730102539,33.9193978026783,0.06242837040978768,0.8265208419455427,0.4522313165638482,4.23518784824326,0.2504054966343886,0.03765262848377769,0.7465676807713807,0.2157796907448424,10.672755271848072,14.690763348432128,daredevil,-3.5901426479640186,7.137345767163567,-0.5030080880319698,9.316788483165315
3.1425934697542,2.6080103555072607,27.0,15.30673859400076,27,35,-1.22885329629865,24.86458732907914,165,0,25.90672731399536,2.3144168853759766,33.33581920975606,0.06942732892847701,0.9081825214814909,0.5537265826842628,3.1830832230636936,0.2702354096799279,0.009600692678062376,0.8457333058232644,0.14466600149867329,10.755327907975579,15.309985624593127,debugger,2.3203236714847377,3.863762202719587,0.6005348025433686,3.270044800316007
3.0406234590056425,2.0175649954685384,28.0,15.738631746228027,27,34,-1.2748582256047125,25.147881726542433,139,0,19.573708534240723,2.7008790969848633,36.43665604745869,0.07412532844580941,0.9367472840041017,0.5825293279282119,2.780076089969123,0.29007100824468735,0.00890639118566026,0.8826325935348377,0.10846101527950212,10.863058671250233,16.157278873138008,default,3.3919750151292547,3.391975025129253,0.9999999970518656,0.0
6.315507340921363,6.7763260092710835,24.0,14.1982644241349,30,38,-1.0964510706399588,25.272216419039474,200,0,67.66011381149292,2.170745849609375,32.466453839258726,0.06686119341387663,0.7508437205608549,0.376798724175916,5.175998853725883,0.22579196019245332,0.057815609056558824,0.6568158094286966,0.2853685815147445,10.58746012792544,14.077409940073993,demon,-5.324020267338762,7.731251225187288,-0.6886363037840345,10.363186177268602
4.581770221722091,2.949210510300144,28.0,16.243818870193216,28,36,-1.1915428815684423,25.83904017058136,159,0,30.329392910003662,2.4159584045410156,35.11269962859804,0.06880582894780622,0.8971154198609055,0.5501535192758755,3.4242909919469504,0.2510598664096635,0.011490986455307342,0.8316052981723695,0.1569037153723234,10.783309509982745,15.525690006846714,designer,1.8459261825317475,3.455343495771175,0.5342236408018148,3.304878543788031
3.751570374452787,4.155093729058921,26.0,15.680672199344873,27,36,-1.194100553854723,25.173169875425625,180,0,46.55307722091675,3.2795515060424805,35.32238892366355,0.0928462543439526,0.8475986564914979,0.4892380176934452,4.076025540054383,0.2443310056798517,0.031862153073543925,0.7686299949564931,0.1995078519699629,10.729550091439089,15.113922856028404,destroyer,0.49839804191618514,2.402578616654302,0.20744296917543814,3.7278373286439264
3.2591321972824656,3.5591625421276127,28.0,16.54491136690678,29,37,-1.131074955055072,26.58058379502182,183,0,45.1543288230896,2.3060359954833984,35.318140491557514,0.06529324487042673,0.8447160649153511,0.5008889555228274,3.997425381878116,0.22335225713171936,0.024084139089159896,0.7639200655526199,0.21199579535821977,10.724264289300619,15.07403099149772,detective,1.3591526542306633,3.6665415159166095,0.37069064903002596,3.965929590257563
5.5257351736967015,4.92273783986907,29.0,17.43777497186547,30,38,-1.0696530769921855,27.78654665602036,196,0,55.8792142868042,1.5946626663208008,31.230350513629926,0.05106131183589627,0.7939493798478041,0.4590479995841583,4.724866808617448,0.215492394643835,0.03603007002969079,0.7064237654749463,0.25754616449536266,10.512788114578141,13.561506484455263,devils_advocate,-0.19116747967843162,5.924742751501164,-0.03226595443827416,6.921339601533924
4.952527779403826,2.772377282626668,26.0,15.133178622215105,27,35,-1.2247013546963663,24.841144654665765,180,0,30.13568925857544,1.6073932647705078,34.2837819767876,0.046884945944960794,0.9002139899636534,0.5311343089468262,3.149106599620692,0.25620413827876093,0.014832673748075318,0.8370280101131408,0.148139316138784,10.829237544842357,15.886347445492252,dilettante,0.6914910837745198,2.4201742831655553,0.2857195403589112,3.559732735141954
3.7645243893694467,2.73331043594226,26.0,15.979304745868076,26,34,-1.2536895017414167,25.2004329956557,156,0,25.27148962020874,1.4867191314697266,35.11126113214404,0.0423430854811606,0.9188397350743496,0.5742793306353668,3.3098105848097816,0.2873620453201466,0.007944423028265266,0.8577360665342787,0.1343195104374558,10.75825975620077,15.332445359795372,dispatcher,2.165376564772366,3.802800688027553,0.569416265119987,3.3581216692132836
4.583265367839341,3.1075807082804032,26.0,14.700055966646623,27,35,-1.212893888120849,24.59593556887468,154,0,25.564204216003418,1.6519174575805664,35.05277707250097,0.047126578706270364,0.8979739594935473,0.5337178600975174,3.423456624056273,0.329037082957463,0.011727692304297332,0.831108736027892,0.15716357166781078,10.660773132368307,14.603013082129713,divorcee,1.0260838166070334,4.037948989508768,0.25411014831365175,4.566138985314952
3.828596827511869,2.284813641208185,26.0,15.621735375676684,27,34,-1.2525603314344973,24.9775755552704,140,0,21.766924142837524,2.062053680419922,35.10346376425482,0.058742171264582484,0.9260874657373191,0.5753551326932536,2.834102295741285,0.2909181196630885,0.00847735083790605,0.8682236333756403,0.1232990157864536,10.834060993642407,15.92470717520888,doctor,2.7878072765148545,3.834705691312328,0.7269938036785296,2.701502718988756
3.3970358332171844,5.287148506766739,23.0,14.002057474117287,29,37,-1.133968847274729,24.69992030061975,190,0,60.363739013671875,2.14239501953125,33.31791452975028,0.06430159419546681,0.7890854967989306,0.4030169433068763,4.6659484539524225,0.2370776752688298,0.0638096866682769,0.6825821564122717,0.25360815691945104,10.729160923090998,15.110982211943549,dreamer,-2.4047477639635177,4.386191743233584,-0.5482541358738439,6.859873274471283
4.838200958363743,4.576984350204147,21.0,13.033479730237705,27,36,-1.1908612808613985,23.468837067152208,197,0,57.075655460357666,2.5069494247436523,36.150937465509955,0.06934673345982865,0.8210845204540952,0.42351128711332675,4.25179936134266,0.21820238655254715,0.04611138078706616,0.7382394525829947,0.21564916662993977,10.756168254857206,15.316419825577336,echo,-3.39960895974697,5.696753906337317,-0.5967624748481932,8.186652373332887
3.527456347820784,3.043871656254191,27.0,15.811501103055015,27,35,-1.205373818448048,25.362131094524692,161,0,25.32274627685547,1.8845481872558594,35.34240814329423,0.05332257438754717,0.8930846196229439,0.5404137336166098,3.560236302272764,0.289082614446927,0.012583837966680682,0.8157859837125225,0.17163017832079697,10.76468347201942,15.381770165424058,economist,2.150291139487817,5.331532350869451,0.4033157820259974,5.03420937711807
3.7578543653827583,2.43389518950045,28.0,15.964792001145092,26,34,-1.2646846607543012,25.185650516455322,138,0,24.64057230949402,2.573153495788574,36.248316859212636,0.07098684073477465,0.9181378657372652,0.566830642411779,3.0997247812849333,0.3388150388125629,0.009198969636101806,0.8617418951047363,0.1290591352591618,10.800396970078342,15.658905579675393,ecosystem,1.9161422969473376,2.897142292158504,0.6613904681636205,2.626768806368926
4.332106816136443,2.145262732692048,28.0,15.464416567829305,27,34,-1.262172181498751,24.859374550429305,128,0,17.900955200195312,1.6679935455322266,36.16363834381829,0.04612349923628048,0.938858867855866,0.5805814347809315,2.604930113566943,0.2719205043887721,0.007671779195332756,0.8786182913656237,0.11370992943904419,10.850227489805295,16.05395218996273,editor,2.752811261125639,3.302263400784115,0.8336134726478783,1.9327451955540278
4.910768956438067,4.469476270153282,24.0,14.735962118969704,28,36,-1.1834883602152604,24.684634315769095,196,0,31.122600078582764,1.9007577896118164,35.4094515163282,0.0536793909031697,0.8227235926050784,0.4506814997949895,4.188135977772097,0.22733403913607952,0.035397024619829805,0.7515168138101318,0.2130861615700386,10.66038511495229,14.600180245235006,egregore,-1.1887128302217689,4.383250655130859,-0.27119435408748727,6.227563678109269
5.193725384890476,2.1218432846380897,28.0,15.320552975865052,26,34,-1.2570057407572508,24.83387064459409,153,0,21.982494831085205,2.1410703659057617,35.130601285395365,0.06094602106329037,0.9329706505555032,0.5706275814854171,2.8562930275926433,0.26803230236842135,0.009376980583630568,0.8735346432843558,0.11708837613201359,10.785594936844788,15.543441561881933,elder,1.7663772794554333,2.5985074885125994,0.6797660915984189,2.5049392148098
5.074900061357497,6.069131957026356,20.0,12.477876087348083,28,36,-1.1746698398287507,22.91119120055119,199,0,61.873454093933105,2.82022762298584,33.68858348958186,0.08371463952641377,0.7796140591376988,0.3721164945111054,4.803398097480846,0.2128591016531938,0.06277284148998068,0.6876063304248735,0.24962082808514582,10.649565896523184,14.521412219852238,eldritch,-5.092960909577782,8.353384029529662,-0.6096883480483946,10.762662859917885
4.2307934391199264,2.3972469788933206,27.0,15.350626387938968,27,35,-1.2289557649090372,25.076781791003132,149,0,27.636118412017822,2.3356246948242188,35.65237926379877,0.06551104703398573,0.915325157667735,0.5494597729931076,3.1707907650739457,0.2451557631734887,0.00964623601878185,0.8535435142726261,0.13681024970859257,10.759126902257284,15.339094535908147,emissary,1.8286828728651474,2.814152656252579,0.6498165153912736,2.6493879368525857
3.5542696943520524,2.470894266275219,23.0,13.530762568231435,26,34,-1.2535999590526221,23.4685710272914,163,0,22.54950213432312,1.3580684661865234,36.30711803336055,0.03740501972474575,0.9159221973693289,0.5219271234137848,3.0669814628534393,0.26924002623862153,0.00943051952003502,0.8534047434288544,0.13716473705111076,10.79420622863079,15.610510400928218,empath,0.8047025749625158,3.0145992642854456,0.26693517261016636,3.8902752094648485
3.85713546839607,2.8160998458398923,28.0,16.452697150329232,27,35,-1.2130809339132798,25.86340882342482,163,0,28.99776268005371,1.8786497116088867,35.00561353568524,0.05366709855531494,0.8952036659365952,0.5550766606314738,3.481591031898113,0.26881370171729163,0.01499565395662929,0.8277221888540519,0.15728215718931896,10.750924889103612,15.276317620588136,engineer,2.310940227062509,4.078816992784052,0.5665711972738313,3.53057212303907
3.9982777383320274,2.1591842426090384,28.0,16.18596025405174,27,34,-1.2468166425697227,25.424447833931275,156,0,16.565133094787598,1.3532257080078125,35.40752977993505,0.038218585606462345,0.9314360994281567,0.5860030038231098,2.9715288250114624,0.2911663126917513,0.007653477336274523,0.8717363047827738,0.12061021788095176,10.784579666493865,15.535553166580259,entrepreneur,1.8986697102237269,3.655262457366914,0.519434577508134,3.462074188873868
3.193729989146291,2.9037715683258023,27.0,15.759867231907968,28,35,-1.1949599261066461,25.642275491619827,163,0,32.75223636627197,1.9182262420654297,34.606712127700035,0.05542931194928616,0.8904064580125155,0.5337494723443451,3.382122946490361,0.2753827281684782,0.013984022074271036,0.8286016797495428,0.15741429817618624,10.758213125150023,15.33208787994398,evaluator,2.7824798108132724,4.409194101313145,0.631063125568592,3.4742312942715303
4.29292181261086,3.1655373269624185,27.0,15.628081636601,27,35,-1.2132531706130556,25.390190390153812,161,0,43.208723068237305,2.415900230407715,33.67105244329458,0.07175006586076668,0.8802549044577219,0.5180019166058054,3.509714623813238,0.26874210591745157,0.033893062087536126,0.8160459016243528,0.1500610362881115,10.785188517265434,15.54028330329668,evangelist,0.32499991914810356,2.811612422312935,0.11559200570068144,4.14799659595644
3.4619751269392274,2.084950748521216,29.0,16.360916394210072,27,34,-1.2524706653413198,25.71497877229922,134,0,17.18027973175049,2.176240921020508,35.70442741536735,0.06095157039498815,0.9344372361649811,0.5919245573659243,2.749333725848818,0.2625718938534151,0.006189089998968629,0.8787123751553197,0.11509853484571118,10.818672223264727,15.802646537167554,examiner,3.0134835029192146,3.82163446550047,0.788532637049205,2.380559374947407
4.448619111319012,3.475819064954861,23.0,14.370533552845,27,35,-1.2212851513855836,24.187431035462897,171,0,27.55078363418579,1.6226472854614258,35.22292917485661,0.04606792573684444,0.8756867609839047,0.4955848826729652,3.693246725656966,0.2969196773218715,0.024951144683613292,0.8077204224080912,0.16732843290829585,10.73917770964467,15.186853792420179,exile,-0.13245127081913438,2.765438748228077,-0.04789521044499757,4.477911214984186
4.342112581219682,2.6717274881870265,26.0,15.012834759152012,27,35,-1.2278837259406634,24.65542190619199,166,0,26.921173572540283,2.2751169204711914,35.12902369088951,0.06476459296138164,0.9064471849122053,0.5355143205338538,3.2624228130718187,0.2548832331328874,0.01433953780923456,0.8394935832800007,0.14616687891076457,10.713501622081427,14.993130473460868,expatriate,1.3170523099196565,3.2937263423565932,0.39986695099184616,3.66323773170958
2.7937335221888286,2.3963390202460952,28.0,15.319850819782102,27,34,-1.2450593355714086,24.874056098756242,136,0,18.69675636291504,2.1494789123535156,34.886025391645745,0.061614325169535,0.9247591079138558,0.5612228146726015,3.0414362707011935,0.27533834933939394,0.007978041819082925,0.8671902536868472,0.12483170449407019,10.780823316058669,15.506402059643733,facilitator,2.6247095274359866,3.6103327286118847,0.72699934458538,2.5950141809495375
4.143009302735159,4.171620848209041,23.0,14.597574682181731,27,36,-1.1940477821812592,24.653616002130352,189,0,58.58236217498779,2.9547338485717773,32.31312886152193,0.09144066058209044,0.8396227129376279,0.4684285981385524,4.193487622106553,0.24581907474185283,0.035543602774418495,0.7635207735940087,0.20093562363157302,10.769951429876404,15.422338828970224,familiar,-1.6174082934597678,3.4735758391463407,-0.46563206573237187,5.877383838703651
5.11071153216085,4.06417036306568,24.0,14.852221691140857,28,36,-1.1898108207986149,24.66192584376026,173,0,59.00639224052429,3.264951705932617,35.56011061045375,0.09181500422478456,0.8537634246968886,0.48326749631934296,3.8624934818274,0.30444323931467915,0.07485853779119431,0.7421712322509622,0.182970229957844,10.83210089766924,15.909107843300395,fixer,0.33425926028251707,1.8867367091308551,0.177162642071292,3.5773833801263706
3.74233088998734,3.8005057103863216,23.0,14.589574881312465,28,36,-1.190337693875265,24.613900432170528,190,0,36.879754066467285,2.0300045013427734,35.076207226561515,0.05787411644111708,0.8482933101781072,0.4700774172173662,3.908752875154597,0.24995334169417513,0.03143455424954389,0.7716830093576693,0.19688243639278663,10.754603144884777,15.304438573477606,flaneur,-1.4982505049596997,3.6519393697288174,-0.4102616043899315,5.9166047991785025
5.655116859674273,8.585155065528857,24.0,14.430111727174026,31,39,-1.0484543760629526,25.925099705779395,200,0,84.17582988739014,2.092057228088379,33.481656124230895,0.062483684209824475,0.669851665151212,0.28831590726082923,5.785929878516384,0.1732298681497668,0.1466356294653308,0.5383733938900508,0.31499097664461856,10.658600513805784,14.587158306638228,fool,-4.803061105178994,11.347240472698228,-0.4232801020420155,13.14720835912614
3.267237857254618,2.27472700797955,28.0,16.37970318893312,27,35,-1.2235026773844309,25.823794383136246,138,0,22.48231077194214,1.7418022155761719,34.85932145588965,0.04996661274030295,0.9191392863675364,0.5778595887301029,2.954471795521152,0.2860776199246275,0.006586628145486603,0.86488758192863,0.12852578992588373,10.80195809828994,15.671133130879937,forecaster,2.294341201133272,3.442088318185625,0.6665550064510409,2.7908368652906734
3.769066746874065,2.415983283171625,28.0,15.746820898651785,27,34,-1.2509005901971362,25.088785409620584,148,0,19.51880645751953,1.5317535400390625,35.494752916809645,0.043154365481261114,0.9193903033743328,0.5660080040322484,3.0908523175859957,0.2578708027641777,0.007104135601749387,0.8580939283411516,0.1348019360570993,10.798584236525093,15.644719297858096,futurist,1.936739758738331,3.7221548759124814,0.5203275584451713,3.4958812435513735
5.664325490327049,4.873184345840738,33.0,18.14872591050977,30,38,-1.0730811775819007,28.307382460883208,199,0,51.08796834945679,2.033254623413086,30.11353067372989,0.06751963578906522,0.7885598466036036,0.4595920718634222,4.70835417130144,0.19092986688518437,0.04231428186803137,0.7047491746727891,0.25293654345917943,10.52094273146383,13.616913808958383,gamer,-2.182883887612342,6.196776762516287,-0.35226117887873565,8.044508196173107
3.2651963858093422,2.1888084873219196,27.0,15.655407006262875,27,34,-1.2483382817158046,25.049769221932607,143,0,25.202099800109863,3.009674072265625,35.36264088130734,0.08510886057315181,0.9275016242134628,0.572897583847311,2.963714221567537,0.26411838183294506,0.009821358650168355,0.8700772748503222,0.12010136649950984,10.830074657805115,15.892998170936032,generalist,2.8216684122745797,3.3554540175600276,0.8409200059091858,1.903288893301275
7.592459755304372,8.84150481428559,33.0,17.948851885888335,31,39,-1.0335420551940186,28.351782954822692,200,0,90.00858879089355,2.6934776306152344,30.54420301604462,0.08818294028494941,0.6705776871523172,0.33029244443331873,5.896705267940467,0.16683448524701736,0.07391546898448559,0.5729478272735256,0.3531367037419888,10.465007565314945,13.241357816719693,genie,-7.18954887120981,10.211798849966835,-0.7040433303514552,12.828089136471391
3.5900960023336075,3.468370663328204,26.0,15.105145659890013,28,36,-1.1888637278405954,24.866372175349696,171,0,37.1583776473999,2.1872453689575195,35.627492969155576,0.061392065134954134,0.8566004468287018,0.48309706159162313,3.710650079417731,0.29382307916227446,0.021765461915509966,0.7958265553138599,0.1824079827706302,10.770685184504199,15.427997973256161,geographer,1.161830675711324,4.5833465679016445,0.25348959728420345,4.962938548730585
4.654413188050616,4.40439688307281,21.0,12.462504740357355,27,35,-1.2038105989952939,22.918063021281498,188,0,41.640220642089844,1.958456039428711,33.8593610776755,0.057840903581608934,0.837423895665439,0.4340951428112534,4.106444732380882,0.25594334947705205,0.0365405736843314,0.759926852982667,0.20353257333300157,10.756945932289568,15.322376600636131,ghost,-2.8605271912677193,4.6049390544948645,-0.6211867643450284,7.2191849891029705
5.259813118649121,4.772669934645883,20.0,12.715274236010208,27,35,-1.2155728475404386,22.664638766290285,197,1,40.78939342498779,3.3723182678222656,31.833537478629637,0.10593602015126835,0.8412501484778832,0.4316346007274878,4.237030893715528,0.2547998815190614,0.023359535759855127,0.753212739458393,0.2234277247817524,10.633081498561465,14.40221574616888,golem,-3.892517737059471,6.758754798290475,-0.575922319011192,9.14291567118073
3.5787733234138948,3.954583572858061,25.0,14.815247719880636,28,36,-1.178090003746668,24.780135358850487,186,0,52.011996269226074,2.2590723037719727,36.61075672375078,0.061705151871565306,0.8253382804542116,0.4549479194321856,4.041399204713369,0.23685359346946752,0.054490688292193695,0.746671510774216,0.19883780093359069,10.793439829742741,15.6045296080131,gossip,-1.53861695245375,5.401041899807061,-0.28487410040435224,7.149450940965438
3.7126883515455793,2.777222000899577,28.0,16.130655668189185,28,35,-1.2014850097715624,25.854748373126103,167,0,33.06823372840881,2.3252782821655273,35.21144014792414,0.06603757961608431,0.8997067448136286,0.5538515402189396,3.171390197970211,0.2770128920515119,0.01241357004431663,0.8262054323507071,0.16138099760497684,10.799442633145448,15.651435426116294,grader,2.6164376133064904,3.73708985550991,0.7001270278392834,2.778768257454751
4.480471318215924,2.550057450946712,27.0,15.349578003666496,27,34,-1.2553551535439063,24.798420955843426,167,0,27.82673740386963,2.672761917114258,35.47417685508552,0.07534387416606385,0.9153167703608532,0.5570441110303181,3.092528553924382,0.2501950147370074,0.01604208781656666,0.8542661718185883,0.12969174036484515,10.772582639305803,15.442641883113783,graduate,1.9457191421476738,3.001148658578165,0.648324812763352,2.7042053048742587
4.789671714778828,3.6452800490405455,26.0,15.222414313582036,28,36,-1.1874001388582103,25.094934016742428,182,0,49.48240280151367,1.9294662475585938,35.60581351487171,0.05418964087852398,0.8590540849675548,0.49171752509591216,4.042007548670696,0.2433699716136426,0.0324889651354906,0.7824595356392949,0.18505149922521433,10.777653669123358,15.48184661292441,grandparent,0.18629633735774945,4.128161525785728,0.04512816085177069,5.223350180025376
3.2998077117257454,2.2235119359908713,27.0,15.69916136951264,26,34,-1.2609070374338818,25.052850762892525,128,0,24.30574607849121,2.2529239654541016,36.760127614183695,0.061287163883098794,0.929653386471152,0.5745481612622717,2.8232621722495175,0.3110918348170135,0.00850113061215668,0.8754146342600874,0.11608423512775597,10.82678461880152,15.866875371151233,guardian,2.2340518064789716,2.9486302086644,0.7576575048014919,2.2459338300637226
3.4143406893302113,1.9930373198275058,26.0,15.242791335742476,26,33,-1.2907672493958602,24.54045229944464,132,0,22.617362022399902,2.2311248779296875,35.57657448188602,0.0627133137583461,0.9414851103906301,0.5799779729410303,2.6529591680705678,0.24084902071453693,0.004870384239632608,0.8897616645184792,0.10536795124188826,10.801738850801499,15.669415296749376,guide,2.571717253759741,3.2956896906780586,0.7803274868486277,2.2182568976594723
4.845968726987638,4.373769947953843,25.0,14.20084809508882,27,36,-1.1939787112536688,24.05726029666382,165,0,47.12383508682251,2.8424644470214844,36.18945381305144,0.0785439996332957,0.8671835925532543,0.471767031883765,3.9921640183378644,0.3623710821571136,0.11386463028054972,0.6859820549869851,0.2001533147324654,10.841351779751657,15.982864931678753,guru,0.12741657030658046,2.681619734244172,0.04751477947431404,4.222817935822588
4.110430442359363,3.9707021665187137,26.0,15.79171406687099,28,36,-1.1630977297690621,25.696250191344227,185,0,36.57575750350952,2.1099023818969727,34.172190140689835,0.061743258866649275,0.8410958622819837,0.49101992433934116,3.9184787675823998,0.22572505957878744,0.021377119506778217,0.7563935539629328,0.2222293265302891,10.707343245324589,14.947034805394521,hacker,0.4687843435157987,4.530724126132058,0.10346786307556677,5.371475225493048
3.7189141306672315,2.504785453787182,25.0,14.417229526008075,27,34,-1.2519862250644964,24.16590037584267,154,0,22.44356679916382,1.8364953994750977,35.72521479008642,0.05140614018042843,0.9193056252109691,0.5471064704314705,3.1676039692483777,0.27478774873174905,0.010356384283963021,0.8572655794273767,0.13237803628865977,10.791619644733613,15.590334502988712,healer,1.7947085286644577,3.263316745433556,0.5499645509973373,3.1590374646402744
5.494643123153181,5.657076573230634,24.0,14.490538134649059,28,36,-1.1719267532282431,24.33063711294208,199,0,80.80019998550415,2.4861059188842773,33.848185756667306,0.07344872002170966,0.7846731227844258,0.39913407412395097,4.88179750736444,0.20195500591954813,0.057369902767213536,0.7023174351798577,0.24031266205292845,10.584482133585185,14.05646431436911,hedonist,-2.807918349518717,6.717855382747834,-0.41797838588930475,8.699646739903423
5.590547896556213,4.361758395452765,24.0,14.18356801210617,27,36,-1.1845030507133347,24.15922707349512,196,0,41.35564994812012,2.1012916564941406,35.19990762804918,0.05969594235013612,0.8339871176449261,0.45286158394453846,4.288220587295253,0.2241817853306949,0.028978927303338634,0.7576785545402019,0.2133425181564593,10.603238880514738,14.188911183639012,hermit,-2.493456117736873,4.949770073327967,-0.5037519078255696,7.274695880586437
3.6159225788456792,4.069105631384087,26.0,15.46693137345004,28,36,-1.1816652595793067,25.29935843132786,174,0,49.444138526916504,2.2578229904174805,34.850233633995316,0.06478645205451491,0.8437905137941208,0.48154179857913826,3.822941979946114,0.26598861119491596,0.03063364481235771,0.7635236584043252,0.20584269678331696,10.806117669134728,15.70375964142793,historian,0.5249071751633223,5.273107119142349,0.09954418965960557,5.979147865141143
3.958044933110734,2.8474813008141084,27.0,16.031544640174296,27,35,-1.2218007714165267,25.449359069847144,155,0,35.73690605163574,2.344266891479492,34.94474993689869,0.06708495255260492,0.8969083738771004,0.5457456251044711,3.2276888301145856,0.3156823167837664,0.014223350653603955,0.8366556677513838,0.1491209815950122,10.802947612545845,15.67888845404203,hive,1.8797632178479478,2.8656709831109723,0.6559591903349898,2.639193994528607
4.018316758646588,4.887595632012375,26.0,15.554007117367139,28,37,-1.1503874006304806,25.422677302746543,193,0,48.241979122161865,1.8142271041870117,35.826809358577236,0.050638813130945766,0.809563267237166,0.4454405813877709,4.455357402146051,0.2372220188706072,0.03521955536019337,0.7209658688650552,0.24381457577475188,10.650888026848454,14.531014993262826,hoarder,-0.7756272117696552,4.500612140766759,-0.1723381592348265,6.0846380739117825
5.238552404558775,6.377825572756283,25.0,15.426143780737714,28,37,-1.1560501854061835,25.311119660591338,200,0,72.66084051132202,2.5821762084960938,31.045317842948094,0.08317441688175957,0.7641713709322535,0.4070345553192394,4.926465103145656,0.200973403824094,0.06447122060374455,0.6674537731315789,0.2680750062646765,10.53161348448284,13.689759327357386,homunculus,-4.643014094232873,7.554487626390402,-0.6146034415376155,10.003687003258776
4.330719081885944,2.2791850522721933,27.0,15.310616476121275,27,34,-1.2605567159455713,24.77230784572069,148,0,20.036240577697754,2.2457475662231445,35.15114075782772,0.06388832674578405,0.9198537505056658,0.552808409615268,3.015872422309184,0.26059005833221266,0.009645486647707919,0.8651834657727143,0.12517104757957767,10.790745318024879,15.583520469593052,hybrid,1.5263531628522926,2.7349721077173563,0.5580872867205242,2.9378331053212343
4.28053548489112,3.238531733897632,25.0,14.91634002486978,27,36,-1.1948003128560676,24.8381876471567,188,0,46.74609184265137,2.549881935119629,35.31396560693057,0.07220604911670411,0.8760257077694983,0.5043613915764776,3.781884202171064,0.2301502643044095,0.02606765171975348,0.8001287837630989,0.17380356451714757,10.759072105935976,15.338674278688927,idealist,0.45121229409833274,3.3965650315880125,0.13284370824702724,4.4700276185564185
3.785603591060961,3.491576435013359,27.0,15.125644003632546,27,35,-1.217117636661289,24.61571954158039,171,0,29.58414936065674,1.7238292694091797,35.18024665997645,0.04899991992865504,0.875847753870697,0.5096481532538107,3.7136076945192933,0.2916343022099358,0.021569821642950234,0.8074961137735576,0.17093406458349236,10.677697486091152,14.72711068895344,immigrant,0.5331053933131109,3.82430797678605,0.1393991792891986,4.74491998899753
4.827699638640238,4.235494891859579,27.0,15.670294447814642,29,37,-1.1428252037875923,25.71245651791261,194,0,46.445146560668945,1.9244794845581055,35.52910065217739,0.054166287613029246,0.8264674217304789,0.46412580531101066,4.178074888211025,0.245394630462448,0.0333305727178525,0.7218799781437254,0.24478944913842207,10.726233736081465,15.088882053296912,improviser,-2.2737236384429425,6.256484476821611,-0.36341872929860264,8.128586606327929
4.78394877950656,7.725933722770178,8.0,5.604202432099199,24,34,-1.230026970953192,14.398492677989166,143,0,73.35103511810303,3.777921676635742,74.29285822831366,0.05085174762055315,0.8355484064248269,0.30145977579009164,5.0918388189515875,0.19423292695773486,0.3119380657790466,0.28865275885880665,0.3994091753621471,11.271860697074287,19.82158836632273,infant,-3.75428110157749,13.03295113454132,-0.2880607057312978,14.381660731266722
4.216452243349485,2.636216856351405,27.0,16.206865070562387,27,35,-1.226477478771748,25.59222082518402,164,0,32.65282702445984,2.712827682495117,34.928533436446905,0.07766795269063202,0.9021369500137032,0.5533698620060412,3.189309372852098,0.3004657173249787,0.014125310840794592,0.8452469283603757,0.1406277607988295,10.804561263503437,15.691543685320964,influencer,1.3464264857495971,3.081234448337064,0.4369763185259274,3.4446204789672707
3.8884263512838055,3.368245544714843,27.0,15.701948029089287,28,36,-1.1627068428834022,25.729088361052828,182,0,30.150390148162842,2.053464889526367,33.95889069847167,0.06046913922364325,0.8707602919547284,0.5196211786858458,3.539246366932387,0.24993069303038198,0.01964692482517762,0.7870825355612314,0.19327053961359117,10.703473301526698,14.91814067675225,instructor,2.6841278274229134,5.207993560444538,0.5153861648004427,4.518816474842045
4.466355705307736,2.100303948532241,27.0,15.485423312483423,27,34,-1.2489477222035665,25.03174172967935,160,0,23.233126878738403,1.6135320663452148,34.94572097790799,0.04617252187657707,0.9333854702459455,0.5764917249010897,2.840239391919759,0.24083489379840461,0.008236432815686095,0.8730982730331064,0.11866529415120747,10.817266269350721,15.791541544526554,interpreter,2.334241694102909,2.9133637622720463,0.8012187576200587,2.0390693655956778
2.485833531639892,6.487280193342865,23.0,14.106524666747003,29,38,-1.1182050587418257,24.789725988291167,189,0,95.88900852203369,2.7245283126831055,35.00932123423831,0.0778229401950981,0.7569582385923925,0.3730219650100589,5.008361455206031,0.2147787830466144,0.11407194707456768,0.59132492793401,0.29460312499142227,10.786161771817028,15.547847469341164,interviewer,0.6375422249868754,6.0824127750821155,0.10481732308578288,6.646516765614169
7.532121847781624,8.793469007261233,37.0,19.94001797584567,33,40,-0.9669806186259008,30.50006156697384,200,0,72.75436878204346,1.8061914443969727,27.07828978153218,0.06670256722153936,0.6469475715985948,0.34197076196686815,5.981934760845738,0.14779510095959464,0.08108410530302752,0.53314916186105,0.3857667328359226,10.405215498461228,12.851352592989544,jester,-8.53907484293324,14.48605174444224,-0.5894687519813235,16.711667992585845
4.406499289876323,2.6562379743273823,28.0,16.247896844211088,28,35,-1.2046374969199714,25.943342188526675,155,1,37.125887393951416,3.5880584716796875,34.953895651017,0.1026511753511884,0.903619001156157,0.5550734840780992,3.185881259609732,0.2537974763836941,0.017244804376357545,0.8359869999644906,0.14676819565915183,10.811426504580375,15.745499352141085,journalist,2.4412266582217588,3.2899986708714475,0.7420144815970798,2.4017547888733435
3.897632999140895,2.274353331080073,28.0,16.12737641774505,27,35,-1.2267910811540892,25.642252747474572,160,0,23.66373872756958,2.3262014389038086,34.48310397538818,0.06745916610535123,0.9251975971532571,0.5789017369579633,2.928540653841826,0.280078583871674,0.010635400083694284,0.8612443120775857,0.12812028783871995,10.800534928218015,15.659985753671195,judge,2.4138931079396837,3.3275128025199154,0.725434656813837,2.4904027190056177
3.9674723989202194,2.5483236756068015,26.0,15.855713456893437,27,35,-1.2199201530128505,25.304892417193926,159,0,24.399311065673828,1.9718036651611328,35.066410612087616,0.05623055313455548,0.9112145400472565,0.5661227136357507,3.2883542006470954,0.27519081320760885,0.00861584095616271,0.8452389714999475,0.14614518754389,10.795634623128556,15.621663366744906,lawyer,2.3109694348090852,4.4616559099486235,0.5179622726297816,3.9666568757886895
6.408939742832217,7.009841257755818,22.0,13.834484572044975,29,38,-1.1030859520412402,24.865205697218897,200,0,61.88919162750244,2.1078176498413086,28.96563819019201,0.07276959119633801,0.7356970906279209,0.3558699492507825,5.33468112668714,0.18436849948071513,0.054930351359492154,0.6468259812885714,0.29824366735193636,10.426408580561747,12.988256551461918,leviathan,-9.109834886854767,12.639330560135008,-0.7207529578811379,15.266264657740775
3.9306033207792765,2.9498374636623725,27.0,16.178650724352277,27,35,-1.2151710260023458,25.57810832173543,168,0,36.223289251327515,2.5735397338867188,35.00469546456389,0.07351984354476034,0.8946373715604583,0.5498383168768585,3.388010980587089,0.3130528029724266,0.013937113979961335,0.8266996673404818,0.15936321867955686,10.774282066292537,15.455769280768719,librarian,1.7950623412984172,3.369085571506165,0.532804021506621,3.2678156102910427
4.578987105942758,4.055131689364622,30.0,16.13971690491608,28,36,-1.1554653173451321,26.002107676151674,181,0,42.34880256652832,2.2119789123535156,34.8229303173894,0.0635207575064103,0.8494730361956352,0.49204684557431466,4.0874595256744035,0.26791851019336704,0.02142227561853615,0.7741860375150639,0.20439168686640008,10.684454625884259,14.776951409559604,linguist,0.8144460575311827,5.159778790472403,0.15784515007408217,5.709960625827381
4.253121635166653,3.441800202756143,23.0,13.669598340537618,27,36,-1.2110684914895187,23.576506172262945,180,0,38.22199535369873,2.420583724975586,37.51670106030249,0.06452016452845519,0.8716445246447605,0.48359261215564353,3.737242463236713,0.26844626478685923,0.02046191562080014,0.799740284558106,0.1797977998210939,10.746131286344617,15.239747165007715,loner,-0.3609384856650857,3.847670265733678,-0.0938070210640208,5.36270917634905
6.164675505810299,6.142144208277682,28.0,16.13494429155781,29,37,-1.1257434188560105,25.941302433000107,200,0,84.50868892669678,3.004513740539551,33.97219398687253,0.08844037985007824,0.7691814608119019,0.417910632277085,4.976897264123543,0.189887334095596,0.05574096580354278,0.6826621016674931,0.26159693252896465,10.563499727680275,13.909765961082886,luddite,-1.7631600380430008,5.4038068351237625,-0.3262810999428738,7.257259299927878
3.402289195989729,2.7534556160336923,29.0,16.612454155074722,28,35,-1.206254389031406,26.102754671664815,161,0,21.30959129333496,3.3248071670532227,35.17492344168943,0.09452208680894102,0.9078353621168703,0.5689402045135894,3.4100168005525884,0.2951587363536495,0.011263949264016417,0.8373135633796853,0.15142248735629837,10.753914852023662,15.299172511770998,marketer,2.1954409076655734,4.053098961425371,0.5416697022599944,3.6110032210456082
3.484716132167096,4.498265792731002,25.0,14.58440121162824,27,36,-1.1871513867033876,24.737474598600066,181,0,42.299317836761475,1.7446002960205078,35.742574352576426,0.048810146656231325,0.8354378415103678,0.47317625003366337,4.0209175458479045,0.28000632119829105,0.05408893443177271,0.737580528440984,0.20833053712724292,10.720026512904637,15.042124620088062,martyr,0.013540820913458151,3.27224374109079,0.0041380844413944455,4.703319404337879
2.6403256582127916,3.116090877442238,29.0,16.181648407891313,28,36,-1.176701180069834,25.843607113261918,167,0,28.06638789176941,1.945570945739746,34.278981630852606,0.05675696456480043,0.8692135913856935,0.5204972081558022,3.5389356553418985,0.2843694122092966,0.017511924780299882,0.7974596453531057,0.18502842986659465,10.77691820902735,15.476154519367308,mathematician,1.3980383606404228,4.263851903606634,0.3278815475410565,4.494630706976917
4.6966455993708145,3.1480932391333285,27.0,15.984602542061978,28,36,-1.165724889823996,25.848807983360654,191,0,30.018376350402832,1.8713274002075195,35.52416203800034,0.052677594427301425,0.8742882460491241,0.5131276113249745,3.7239359080269305,0.2400815264866213,0.01683247419734742,0.795259675374237,0.1879078504284155,10.703405808699861,14.917637251503985,maverick,-0.47746729664020254,3.0501068689431543,-0.15654116959044206,4.903851627411176
3.822318405427336,4.933425151739098,28.0,16.294760792884635,28,37,-1.1518632450468347,26.014628512626103,182,0,52.42788624763489,2.287600517272949,34.207712622573425,0.06687382294492786,0.8211229364912243,0.4712063109627117,4.31522245464415,0.28259889116096254,0.05127719524514726,0.7231927693477416,0.22553003540711103,10.726299094522114,15.089375154255015,mechanic,0.753059781795379,4.091459715273258,0.18405650652852246,4.8100745538073415
4.437086576779935,2.472166385547275,26.0,14.931321110031814,27,34,-1.2434359316068475,24.576987427376395,148,0,23.288150310516357,1.6606807708740234,35.40392490073479,0.04690668550253186,0.9222210627196142,0.5525224851869651,3.1234274144043366,0.3004572440762717,0.008572767368369281,0.8610184098313286,0.13040882280030197,10.758316101531836,15.332877321735015,mediator,2.184774472621567,3.248365898031212,0.6725764711252904,2.689976699072436
2.956613885809155,2.0093364398896085,28.0,15.650835241109153,26,33,-1.2884210022397904,24.792414782877227,142,0,16.109460830688477,1.8388662338256836,34.79894559742896,0.052842584804108084,0.9404799849590116,0.5912608380675769,2.743556624159099,0.2453075052467486,0.006745941139428251,0.8877271546424546,0.10552690421811708,10.78157097353274,15.512199881970423,mentor,2.771889395363325,3.7755058479202876,0.7341769572122904,2.6373433072615002
4.259026676612934,2.545249529704587,27.0,15.873887308925186,27,35,-1.2241575630301926,25.38017250102579,160,0,30.39920163154602,2.232081413269043,35.127044695979464,0.06354310283109357,0.9060032155591102,0.5535226709324412,3.1010937994089716,0.3183501028984441,0.010443952480530106,0.8492616920322537,0.1402943554872163,10.789346250211175,15.57262308062737,merchant,1.811941826590592,3.174973978796535,0.5706950163029063,3.04857859589221
4.4356573251985,3.3044527848843326,23.0,14.096122277501431,27,35,-1.2315857402433608,23.670517922146875,190,0,35.45462465286255,2.7558298110961914,35.21621766923018,0.07825456546698001,0.8803450145095398,0.5044945820109323,3.6907635492232407,0.26340250648509866,0.01760783791231595,0.8097843610020291,0.17260780108565493,10.73548072367481,15.158806929922182,minimalist,0.36745448592385777,4.150603492642188,0.08853037554062865,5.122519989090736
4.247525715404698,2.092973780135003,27.0,15.381688185812418,26,34,-1.2714320554090848,24.77444405101796,133,0,20.648314237594604,1.290853500366211,34.64147014648322,0.03726324243479769,0.938777372092175,0.5789784906515364,2.6596609561623983,0.3013952807037295,0.0081582215428885,0.8829682011563751,0.10887357730073624,10.817348592398284,15.792191561817132,moderator,2.7029369725436103,3.317953835344709,0.8146397167285471,2.0439478368558515
4.611427544268484,4.183947380154213,25.0,15.020863840010277,28,36,-1.1651857583954346,25.166126389773112,194,0,46.16438817977905,2.7890052795410156,30.588556751412728,0.09117806054750216,0.8316990028166968,0.45740830159293266,4.220513574305326,0.23593450452969236,0.021391753604128726,0.7481618872334646,0.2304463591624064,10.641811994644213,14.465222410052998,musician,-1.903653660128864,5.032236510034314,-0.37829177073314535,7.052885242608301
4.3315329765566455,6.597737706145124,20.0,12.18674620359354,28,37,-1.1557536043033816,22.986535127375944,198,0,44.25038003921509,2.0384864807128906,29.153962759303496,0.06992142020426972,0.7856719264262395,0.37500238080272486,4.799288303604291,0.22052014818449844,0.0325055408832991,0.6798384999316522,0.28765595918504844,10.399960157262266,12.81762779984592,mycorrhizal,-3.9657465074460863,9.770400707911906,-0.4058939470348122,11.57020530768933
4.5535462118551475,4.182900315274833,25.0,14.657402712762748,28,36,-1.1649723715383478,24.896383721075672,198,0,34.985924243927,2.2605695724487305,29.966129669245856,0.07543748883823145,0.8353372773799075,0.4608148948468319,4.170647372660258,0.22537742805262706,0.02264938439506542,0.7535734001433051,0.22377721546162965,10.532184190506916,13.693666298822054,mystic,-2.9492729996619875,6.900017006374485,-0.42742981603340147,8.89513631332461
5.146125236558989,5.242673950903595,25.0,15.264278860029792,29,37,-1.1332691136526596,25.528702351968466,198,0,56.78641128540039,2.5629968643188477,33.6774951837831,0.0761041416629174,0.7900916671177949,0.4280367275318703,4.511606852444848,0.23283801535968732,0.03323585000805202,0.7089707394468997,0.2577934105450484,10.663208225496064,14.620803758820994,narcissist,-2.5785051768110496,6.013310602960117,-0.4287995992659605,8.07204121360653
3.6717474460159885,3.868591278334742,25.0,14.341361857722019,28,37,-1.1431477757189301,24.874196503051902,192,0,61.450942039489746,3.297229766845703,33.01389322536729,0.09987400590222331,0.8287826749228222,0.4434286477640291,4.062107369971842,0.21922721398909692,0.030070208926566696,0.748458311518358,0.22147147955507546,10.801383599005733,15.666632249965893,narrator,-2.3724028176248693,5.065015370024187,-0.4683900530026507,7.297543253108511
4.19840632442458,3.6295921905838755,25.0,14.574435597624111,27,35,-1.22716588965189,23.99588844560807,176,0,36.096060276031494,2.544322967529297,34.7055596261448,0.07331168247788684,0.8655717164634692,0.4812569482646307,3.70844378570658,0.25530868033730175,0.018337567972977746,0.8014743183725471,0.1801881136544748,10.764077634220653,15.377111442178245,naturalist,0.054414786333212645,3.924123858618635,0.01386673517292282,5.1512227126491315
4.070387685625452,1.9613074896367417,28.0,15.608979117301848,27,34,-1.272315584267707,24.931573448245626,139,0,18.337689876556396,1.8515386581420898,35.345295734886584,0.05238430234195439,0.9416038344091975,0.5870126353847934,2.696427547024818,0.2691629176445097,0.005910481291199233,0.8866060145718263,0.10748350413697447,10.821610309818384,15.825878368924167,navigator,2.377286268264459,3.0742229801499916,0.773296629299307,2.1974872368606877
4.491108127712161,2.2096101481316666,27.0,15.199275841757588,26,34,-1.263353255086446,24.699013254028408,152,0,21.559463024139404,1.7745323181152344,34.77165969980036,0.05103386877231583,0.931904678798416,0.5657500487326881,2.911286629199465,0.2861249407254496,0.007621102877761871,0.8738462711128054,0.11853262600943289,10.756875860784412,15.321839779044673,negotiator,1.7255187052333025,3.086076818326377,0.5591301859326612,3.053445915373684
3.784824121240686,2.252142269575572,27.0,15.293881035698373,26,34,-1.2693089793364183,24.647663577096274,143,0,22.789353370666504,1.7791452407836914,35.746867937225915,0.049770660856442,0.9297615158625819,0.5677923005414292,3.066001196337825,0.26754383259727926,0.007421537946804437,0.8690631369858087,0.12351532506738737,10.8173961313216,15.79256693817019,networker,2.0263683873140743,3.038372661103276,0.666925559611332,2.643940437179221
3.801236710598301,3.430043689698956,25.0,14.906896608743597,27,35,-1.2239326785248583,24.499451341937263,168,0,27.77149200439453,3.007038116455078,35.313683390336074,0.08515220808934315,0.8765789589004257,0.5143077203289285,3.6607897794046407,0.2528206152233763,0.015608968823100807,0.8025732310295268,0.18181780014737256,10.644414180744889,14.484055259390244,newlywed,1.153922326226714,4.693454915424135,0.24585776299556447,5.07009488748889
4.995219094308872,3.810293084586471,24.0,14.421071793765188,28,36,-1.184768141249472,24.407744209761457,193,0,37.392388343811035,1.8972558975219727,34.34148408249493,0.05524676490289106,0.8529136407599921,0.47162968699881525,3.947988327777475,0.21199234867346228,0.03361902692071249,0.7726504053689461,0.19373056771034125,10.674911219622729,14.70660814631149,nomad,-0.8290435555368794,3.7856501102424223,-0.21899634974025367,5.608995579879771
3.8683249854321446,5.331757041497747,26.0,14.632421919080434,29,37,-1.1374300287058092,24.69356188765076,189,0,61.87629270553589,2.6830224990844727,33.73174770506384,0.07953997885148699,0.7875699477917528,0.3981506595091614,4.627881096090823,0.2094787535737306,0.052623496968561834,0.6668109867148626,0.2805655163165756,10.738834365666825,15.184246858799305,novelist,-2.505755688569863,5.5957933950708325,-0.4477927456680421,7.734165744987826
3.2617215888638604,3.0468560093979487,27.0,15.929159838539395,27,35,-1.224641869022964,25.255564655031815,172,0,29.585991382598877,2.1219091415405273,34.29529743138151,0.061871722961029024,0.8873698203613014,0.5392864650440731,3.3764475677692873,0.24216147549643102,0.009700956412887866,0.8148416990705789,0.17545734451653303,10.694466782008652,14.851111452443158,nutritionist,1.7125010472499929,5.184555733507565,0.33030815662413865,5.173740535158039
4.1084043674804125,2.1177933430607636,27.0,15.57486667862389,26,34,-1.268479811166057,25.010712386221254,149,0,20.164292335510254,1.9029207229614258,35.62372219128397,0.05341723452545372,0.9334306453952459,0.5762968054866086,2.760221893980934,0.26004588765886294,0.006451690387417616,0.8774171908315918,0.11613111878099067,10.842245229491528,15.990006469969183,observer,2.648437771803261,3.1288471464042176,0.8464580236356192,1.8243654865630403
4.333620039460361,2.503754032710215,25.0,14.897042762097508,27,35,-1.2334026569385372,24.603727084624214,153,0,23.248237133026123,1.7502155303955078,36.67137826769048,0.0477270179926001,0.9110004955183314,0.5387796889162416,2.9911822642456865,0.2570547728668038,0.011450887367326202,0.8505800618186884,0.13796905081398544,10.809959836983705,15.73395687805495,optimist,1.0622069029357881,3.5792998636485067,0.2967638765680401,4.136535203671605
3.220847116509543,4.757939875250242,22.0,13.558975545346277,27,36,-1.1944311487814914,23.718079760660554,194,0,66.03231859207153,3.0375566482543945,35.886942094064864,0.08464239277597181,0.8033702695168705,0.41760572892239844,4.335419570991627,0.20825223269375942,0.07576913921275619,0.7148097536393224,0.20942110714792142,10.782827781986335,15.521950877405676,oracle,-2.3471906361419737,4.8294340980101405,-0.48601773800145254,7.124054488778777
3.5346268048785063,2.1204218478262806,27.0,15.75775148179198,26,33,-1.2847186601305154,24.883481200392545,131,0,25.864017963409424,2.175283432006836,35.14901549797701,0.06188746402106294,0.931989808660071,0.5815134934427468,2.762848554102827,0.2682925269539044,0.006339836309534969,0.8854027606781691,0.10825740301229568,10.786943390670196,15.553924902176947,organizer,2.9143323265095122,3.85156969084927,0.7566609357824973,2.5630838190329452
5.237731303719991,3.0599376775291534,24.0,14.55191648884638,27,36,-1.1925617635545767,24.575153608798345,191,0,21.770609855651855,2.3349857330322266,35.9341098720364,0.06497964583921115,0.8880961114037653,0.515597509889857,3.6449109001356548,0.2371436446003004,0.021093782429163387,0.8104272505065298,0.168478967064307,10.681936125248416,14.758355239872852,orphan,0.15474758667059174,3.279345559799902,0.04718855754866958,4.605410076227047
4.669421905833193,3.411321742914798,24.0,14.148974658069324,27,35,-1.225568674605133,23.426843387775072,179,0,28.178330898284912,2.183608055114746,35.27734824738615,0.06189830482160855,0.879575592695594,0.4868021580276811,3.605989282203658,0.24952394125499383,0.01395960110797469,0.8062190644161477,0.17982133447587773,10.60711902042607,14.21646538382544,pacifist,0.2247132887166824,4.745778095259943,0.04735014663688654,5.701180629463701
3.475621679288338,2.5778450031223734,25.0,15.38684628654764,26,34,-1.256493689852707,24.612523984848853,160,0,12.64676022529602,1.076615333557129,35.391930384785745,0.030419796881719214,0.9162333765888232,0.5718781357912825,3.2100470366450806,0.28434160612550524,0.009739235287974329,0.8503773210150919,0.13988344369693406,10.724970481076927,15.079354509659595,paramedic,1.2594289384129962,5.155575063121304,0.24428486114418219,5.4352134978624695
3.6036176256221233,4.900823302979821,23.0,13.52840107237818,27,35,-1.2106363725074394,23.420254550381667,182,0,33.57129263877869,2.4977779388427734,35.05160090012359,0.07126002449816683,0.8372626416678016,0.43451473496551474,4.040534013293488,0.3049260592292171,0.051591349927530006,0.7035205896700121,0.24488806040245797,10.661271523683329,14.606652543026442,parasite,-0.696604377321646,5.011405758628104,-0.13900378673634775,6.430039779284812
4.933738345162848,2.8151311983805476,27.0,15.406604305791832,27,34,-1.238536538252204,24.863298571380668,163,0,25.397467136383057,2.3985118865966797,34.86759038528166,0.06878914946784341,0.9106264054960158,0.5490341016962613,3.2471350100503527,0.3062376316576309,0.008976925205113655,0.845935174011555,0.14508790078333125,10.748377128019413,15.25686980654224,parent,2.1097279387315577,4.088999674547215,0.5159520926020061,3.7300300148073275
4.566396667570585,3.3113854475890263,25.0,15.242664429494376,28,36,-1.189208260016511,25.14052377231049,182,0,32.43928289413452,1.9322357177734375,35.29248704136561,0.05474920811074332,0.8758493724553652,0.5195478890934255,3.658338089012358,0.27297695525094334,0.018096525800962996,0.8034208604660771,0.17848261373295982,10.763798879495093,15.374968370289587,patient,2.186083550014721,4.222421194723668,0.5177322321009681,3.808418787901207
4.164035270963468,2.6085857673454274,25.0,14.891975401528558,26,34,-1.2477956291967134,24.45407911372789,153,0,20.171554803848267,1.6541271209716797,35.47870727366954,0.046623094472195925,0.9176819653138376,0.5475554904383271,3.2584827744391607,0.2726240510179059,0.010374175902689606,0.8556239841755557,0.134001839921755,10.759714089619184,15.34359865829396,peacekeeper,1.6591356559299313,3.089926451100361,0.5369498860851826,3.1301192620563216
3.7488555118705404,3.0541414822416018,26.0,15.364611844900583,27,35,-1.202749371261481,25.244786750551537,175,0,25.16440486907959,2.308256149291992,34.698689825975244,0.06652286183912468,0.8876845282870399,0.5265867435922078,3.4516410826029973,0.2267171900207335,0.023032626395334228,0.8186745108876562,0.15829286271700957,10.77723019986577,15.47856891689189,perfectionist,1.4048352192715843,2.957669941980768,0.4749803888972,3.274595253205809
3.993462320954815,2.550969416703957,26.0,15.679918472035268,27,35,-1.23941825135947,24.927996943372705,162,0,19.131589889526367,1.5945396423339844,35.53776241039883,0.044868881273948766,0.9104826387332565,0.5627448536952556,3.151583866434996,0.2769595593739625,0.008928009610332419,0.84651451403549,0.14455747635417737,10.779988150259257,15.499928203087622,pharmacist,1.9367978084156823,4.848730345518027,0.39944432261653423,4.67723646036523
3.2216826261756184,3.6659457953037373,28.0,15.710837124026174,28,36,-1.1627990269494954,25.556688166641596,176,0,31.62067699432373,2.2852182388305664,34.78591568428658,0.0656937784697397,0.8532583561577354,0.48687169062944247,3.819462790414443,0.22320611184082892,0.02129347508921376,0.7718676499328346,0.20683887497795161,10.678973910497453,14.736512710635635,philosopher,0.33448859470906667,5.087661847105045,0.0657450523956099,5.92626726667062
3.8227413513723385,3.1557497879721566,24.0,14.500492626064869,27,35,-1.209935058923829,24.315200627286693,183,0,28.868157386779785,1.8465147018432617,33.85959831250879,0.05453445385857108,0.8903250928739042,0.5127745826507213,3.598838002810227,0.2718521030684719,0.011161908683636201,0.8181905728867285,0.17064751842963513,10.76952835098634,15.41907674101555,photographer,-0.5763044352138945,3.8403515063641387,-0.15006554328656024,5.492122975434316
3.201340970298647,4.01805793680195,29.0,15.80827554421501,28,36,-1.1635338913122055,25.477187772862443,171,0,39.34433078765869,2.504018783569336,34.96186081943845,0.07162143904471831,0.8417963828856199,0.4846682481499317,3.964928423349339,0.2803127509828629,0.02639178175451794,0.7700633978093385,0.2035448204361437,10.745821111549052,15.237383855541534,physicist,0.6837910680120656,4.52675506998914,0.15105545969238976,5.230506817784522
4.7566734564724324,3.746657244764614,26.0,15.579788636767793,28,36,-1.1635873058921669,25.614210789759653,193,0,33.875247955322266,1.8512439727783203,30.58820382335129,0.0605214998392637,0.8478090976429349,0.4851472684502154,3.9946336101982967,0.23549652768802387,0.023397389128098526,0.7673603123758973,0.20924229849600445,10.531298305361952,13.68760213418244,pilgrim,-1.640322731911433,5.443336630900819,-0.30134508356503675,7.229334392653616
4.393042094062827,2.845804535236466,27.0,15.519255052933405,27,35,-1.205674854655236,25.250096909380904,165,0,22.335185050964355,1.7238149642944336,35.78692234072013,0.048168851958889786,0.8945075768512,0.5425291514839046,3.387152924719979,0.26864211874803146,0.008961742467995148,0.8286609963587341,0.16237726117327106,10.726174626964438,15.088436114639157,pilot,1.09946700263179,4.727450852834216,0.23257079488676952,5.137660643455608
7.595241269542416,5.9955417885772935,29.0,16.59972066816826,30,38,-1.0779897185826943,27.105900481047446,200,0,66.96363639831543,1.554525375366211,30.419992190881707,0.051102096463791165,0.7500754499198687,0.3991680772662577,5.163501030148257,0.18405337414413755,0.06175473775854442,0.6642097550304031,0.2740355072110518,10.43043884765621,13.014456011798732,pirate,-7.107508924808993,11.814085592574708,-0.6016131226674154,14.117191598529889
3.8171442834206406,3.2812112075855633,26.0,15.441988737221891,28,36,-1.1888939331937676,25.321606801514527,165,1,28.079352378845215,3.847198486328125,35.083004297598755,0.10965989268460243,0.8732348129873623,0.5135943117906352,3.4720766474446005,0.2843866838115021,0.02198891666531655,0.8044263925312511,0.17358469080343233,10.735488266773702,15.158864102219884,planner,2.8222627890143555,5.185308865598826,0.5442805553470971,4.387121238002943
5.5861180530407255,7.2084900891650525,18.0,11.062818577304068,28,37,-1.1498954875617395,21.79169299925855,194,0,53.58030915260315,2.371975898742676,31.557143674453155,0.07516446745663141,0.784093631772788,0.3432754538614179,4.980816533808008,0.22800818838027856,0.026266153559227488,0.6519514983108405,0.32178234812993195,10.573061766682997,13.976428052801495,playwright,-2.463346785316312,9.06743664165513,-0.27166958895526,10.50881170346335
3.862007379950044,3.8350432990940284,28.0,16.540132573397745,29,37,-1.144284656993998,26.52800551849333,182,0,53.35175704956055,2.9484195709228516,35.18067820831077,0.08380792301571784,0.8416936037592143,0.4958584376120926,3.8471255233648094,0.24810102106150322,0.045226032318686764,0.7483738270912541,0.20640014059005943,10.779802553239579,15.498489899585005,podcaster,0.8478931178358509,2.963641094536956,0.2860984480876646,3.8126891470476023
6.383407637322862,5.743815739258127,27.0,16.37450106607619,30,38,-1.097987680816053,26.531222436657576,200,0,49.98862171173096,1.8067302703857422,30.623538872864142,0.058998088950023536,0.7547425999479276,0.3990348547654662,5.1121372945912364,0.16177462016267752,0.042822784693975685,0.6497419633328759,0.30743525197314836,10.325133830706617,12.34693966645392,poet,-10.547971599360023,21.477779750392855,-0.4911108933020457,23.33146866894686
4.80232769059398,2.536541151389731,28.0,15.612854548392532,27,35,-1.22523701468295,25.219334680775766,151,0,24.167217016220093,1.8791093826293945,35.04679505429496,0.05361715328657737,0.912571962244585,0.5529083920009538,3.225692396897192,0.2889718470080902,0.014663646685834069,0.8446513283510121,0.14068502496315363,10.79877576358364,15.646217563130994,polymath,2.2324835401177494,3.412428255443552,0.6542213851841314,2.829329302293628
3.7342902802138855,2.3447232349204294,26.0,15.762060493654959,27,34,-1.2418300099227038,25.0769772217532,151,0,16.090676307678223,2.150242805480957,35.50989602171986,0.06055333995249513,0.9199825392647839,0.5724287256971707,2.9051242479822794,0.24842918197701902,0.010253527304596973,0.8575878780873777,0.13215859460802543,10.753277416897092,15.294297173756963,pragmatist,2.7480602687754603,3.8228333490243274,0.7188543203110925,2.734382148142292
3.841913571137673,4.566783212743835,29.0,16.30228661031915,28,36,-1.1674795837866294,25.797455679764294,182,0,37.10686635971069,2.2178163528442383,35.18695882113189,0.0630294980625693,0.8302481274890533,0.48166096884853404,4.072132784084426,0.2733461229762422,0.027954519968980785,0.7364545923145163,0.23559088771650316,10.6246462400156,14.341600455708509,predator,-0.803622856242984,4.225000533721243,-0.19020656916584558,5.8998187610397235
3.4703182977419464,2.836471213301418,28.0,15.957536691539731,28,35,-1.1936007850165993,25.68727675368362,169,0,31.049297094345093,2.5945425033569336,32.46459036046735,0.07991915112892814,0.898619547515334,0.5419290698073319,3.273463088251095,0.25970220819929346,0.012420590140877237,0.8265401308768571,0.16103927898226605,10.772001883964267,15.438158335725785,presenter,1.9832228543912813,3.1240415836256643,0.6348260102509953,2.7948247825108714
4.718851231201933,4.9964866767126,25.0,15.056113531782398,28,36,-1.1813933824665803,24.75480211431442,185,0,45.668861389160156,2.799837112426758,35.360350049379676,0.07918012996242596,0.8098898935144407,0.4388560792975176,4.162950166646754,0.26551295743713177,0.055958359564565414,0.7229392109813069,0.22110242945412834,10.68852989006361,14.807092097327063,prey,-0.7958835332049831,4.670318674035556,-0.17041311070048917,6.222266889096717
5.665909935010296,4.859710539750082,25.0,15.178033209048436,28,37,-1.1471160730763106,25.4245086487734,192,0,55.4467396736145,2.209221839904785,33.78309084542814,0.06539430776221468,0.8121346873614447,0.45401168104020806,4.555933089520166,0.21758346551066324,0.03873682195026419,0.7324495374147387,0.2288136406349973,10.596880990036537,14.143877030462285,prisoner,-0.4961241563883048,4.8199897937771015,-0.10293054085484395,6.172801445762158
3.8650262083245677,6.4350558188193805,18.0,11.339516077765705,27,36,-1.1746035200147171,21.957369435949396,193,0,73.33735084533691,2.9472198486328125,36.653169037269144,0.08040832282840436,0.7954960574471229,0.37113866309492727,4.8704500383146865,0.2477849679501719,0.09626060126550617,0.6220517938075881,0.28168760492690603,10.756419586719216,15.318344698677334,procrastinator,-1.7936044765389232,7.188258682810009,-0.24951863249275466,8.680108333236761
2.839074294574468,2.0169989586768264,26.0,15.723061298266206,27,34,-1.2532598113766102,25.253069627797515,143,0,16.041706562042236,1.4940462112426758,34.42688769799628,0.04339765547059988,0.9325224483798789,0.5779956632572562,2.944888905499954,0.2962815253908748,0.0074309157112715605,0.8771899502078466,0.11537913408088206,10.83320517318869,15.917894287904907,prodigy,1.9316722072735562,2.746730055495685,0.7032624860272115,2.4383709239190994
4.680524610026848,2.4598749294425546,26.0,15.818422557548173,27,35,-1.2290867177345575,25.27759988154044,154,0,28.491358518600464,2.6257753372192383,36.349754714912166,0.07223639768171633,0.9173645141264255,0.5627067640563795,3.1563888049919546,0.3201900152133716,0.008684449163225179,0.8561256917446366,0.13518985909213835,10.81140084614895,15.74529735102917,producer,1.8260279974841802,3.644763823860626,0.5010003626380393,3.5216636893657105
3.309470502732364,2.988885291370025,27.0,15.93665622402912,27,35,-1.2018000782329408,25.57370845016479,154,0,25.882062435150146,2.342771530151367,34.26081422585525,0.06838049775195863,0.8861681273976493,0.5402351920615784,3.441229220133219,0.330329346317038,0.014137368156141493,0.8211744677966111,0.16468816404724756,10.77851122665952,15.48848632342443,programmer,2.102833151254707,4.004893777491972,0.5250658988942241,3.6440573041457807
3.5883530575621885,2.430234298462356,29.0,16.560495452373587,27,35,-1.2309754495497078,25.854187242836,135,0,29.82558798789978,2.112558364868164,37.666655391304886,0.05608563709523928,0.9085914557846106,0.5701268813806372,3.0440877806671995,0.3076991729771942,0.012172625875649353,0.836273788510738,0.15155358561361304,10.845768247249882,16.018197830720652,proofreader,2.286349465170354,3.3837060811674897,0.6756938724363106,2.7284575862476794
4.052845149692061,4.053632872354495,24.0,14.924573283109225,28,36,-1.1760588484862837,25.124041900893396,194,0,42.225950717926025,2.382701873779297,32.687256171017395,0.07289390890789886,0.8442626105908643,0.47882992561315585,4.0926091814917545,0.23322343483693858,0.029452990347037248,0.7674473662306638,0.20309964342229886,10.70707379460626,14.945021196407053,prophet,-1.0978827524254506,3.5678143817532444,-0.3077185736007782,5.628745491599181
5.557913207781818,4.406704476723188,26.0,14.602083101084775,28,36,-1.1748311305302548,24.40797798247902,195,0,53.33981800079346,2.86920166015625,35.44035773743246,0.0809585975800061,0.8299758491410962,0.4481877754143754,4.242531894017864,0.23209928659598175,0.03963013421083837,0.757223332256893,0.20314653353226894,10.708114540133701,14.952800202206733,provincial,-0.4524372325461392,4.187286926556963,-0.10805021019138998,5.666407854358383
4.278144605102013,4.214004675248108,28.0,16.955735910495918,29,38,-1.1119442857520951,27.096439391904042,197,0,41.56137466430664,1.768625259399414,32.38405921653042,0.05461406945848903,0.8208037059772493,0.4822373378736189,4.333868663966558,0.22865169705897173,0.02945601215287672,0.7271580372932877,0.24338595055383563,10.695752752923555,14.860663571741869,provocateur,-2.770419343053743,5.568309847125587,-0.49753325858543224,7.829811978690888
3.134584325494691,2.8387786482292405,28.0,15.980437525842714,28,36,-1.190840440511232,25.680661551836874,166,0,30.72112798690796,2.6596670150756836,34.027661214873234,0.07816191063737178,0.8942917563449287,0.5394990822628037,3.366844845194559,0.2631555416160198,0.014799352850945014,0.8222738196523627,0.16292682749669224,10.749778410741104,15.267563146226323,psychologist,2.6257648177957504,4.335531039914837,0.6056385696750376,3.534015640740407
3.4440298885664107,2.4788096623977,29.0,16.27727513421636,27,34,-1.2356961352415456,25.670610459962788,145,1,31.44126272201538,4.071770668029785,34.93316221043231,0.11655889162000362,0.910782279904271,0.5650947749338989,3.1536774980300417,0.3098730365717721,0.011831636672433064,0.8576065982504958,0.13056176507707104,10.8061035919089,15.703649109131518,publisher,2.060570452216157,3.19553158371064,0.6448286922651629,2.781745784486504
3.779261182291958,3.8316517532479843,26.0,15.28227437301701,28,36,-1.1802360728934538,24.967645803685826,188,0,38.64847946166992,2.5542564392089844,35.75898595067706,0.07142977831452244,0.851110265890086,0.49116867946604537,3.9826675680659043,0.2365965950601534,0.03054512570236613,0.7715291543749309,0.1979257199227031,10.756176677799953,15.316484330376802,purist,-0.3039048377528028,3.8188338372445463,-0.07958053445239274,5.305719714893495
3.9988993330048106,2.152147366689328,26.0,15.178161035878395,26,34,-1.271061668980022,24.564836128041613,147,0,21.143627166748047,1.9764442443847656,35.668368680821125,0.05541168036225608,0.9316723034720127,0.5743126035324867,2.7133771288748068,0.2624468584334635,0.006881032972227295,0.8739041698435157,0.11921479718425668,10.81210704753774,15.750858008135433,realist,2.401285542429418,3.3034908861776433,0.7268933456050377,2.47554951109538
5.437616054791676,5.4776316815159705,28.0,16.01496018282413,29,37,-1.1309784233657225,26.063621559774123,198,0,70.63023090362549,2.4104413986206055,30.104245634906064,0.08006981566167143,0.779634249196195,0.42399678045495504,4.745185891241277,0.2036314454791734,0.06205082530743798,0.6936887400256854,0.24426043466687652,10.617740321054306,14.292164889069628,rebel,-2.926538373472507,5.32395008085925,-0.549693052907097,7.726799417541186
3.8667603219620617,2.469226395005486,29.0,16.653706747516726,27,35,-1.2320744182210337,25.943430125103518,152,0,25.333224773406982,2.3902997970581055,34.134387704798634,0.07002615127389777,0.9151132969043781,0.579338414060761,3.084985205651287,0.2990532439265703,0.007993813372609555,0.8514494959303298,0.14055669069706056,10.770920627444411,15.429814286765822,recruiter,2.0051839504806312,3.968045869707005,0.5053328555974307,3.694294898008969
4.628191630922057,3.3363271432653807,26.0,14.964093661792985,27,35,-1.2184623436994404,24.55590189263721,175,0,35.86199617385864,2.2866458892822266,35.282612344175966,0.06480942700547168,0.8808378859560105,0.5119562056156045,3.763930097827884,0.30072191967421147,0.020973694780203764,0.8105210274527069,0.16850527776708976,10.684189370620526,14.774991707446151,refugee,0.7586269131303774,3.41689680155383,0.2220221906571462,4.246668249691582
3.3016700964119305,2.1086186490518313,29.0,15.793984717110341,27,34,-1.237222900316599,25.36347111162515,154,0,30.13252592086792,2.204425811767578,35.17058394608473,0.06267811234373831,0.9314326482572326,0.575755631333871,2.740883675448231,0.2640184942343663,0.006757773739468875,0.8731666956708678,0.12007553058966358,10.822182720605086,15.830408468906482,reporter,2.43356927499593,3.1176293195194194,0.7805832655471251,2.1716110818791017
3.4732797885000393,2.7900275965312655,27.0,15.666328041768816,27,35,-1.2124517794518743,25.282606624380993,160,0,24.67701005935669,1.8910293579101562,35.412816548914435,0.05339957513117168,0.8985961586673971,0.5429379146802307,3.345339332896158,0.31976908301452595,0.015002418791608463,0.8240428547472871,0.1609547264611042,10.801772379958729,15.669677990095924,researcher,2.877377670943403,4.497968147486044,0.6397061020878052,3.4953148032677763
3.491270930494601,2.6953300035387757,26.0,15.427214390295305,27,35,-1.222289813676091,24.96319917862496,172,0,21.281902313232422,1.7154626846313477,34.60439606131386,0.04957354786923032,0.8968965480248877,0.5391647016881335,3.363186243664799,0.23790829689349613,0.015730705342967704,0.8297869228547522,0.1544823718022802,10.753013341413562,15.29227788261051,retiree,0.7528865530728366,3.075391068862602,0.2448100212995946,3.98195680701402
5.639278896390869,4.67964485172293,22.0,13.703089604215325,28,37,-1.1589993007410768,24.27551187021832,198,0,58.0858416557312,1.8902740478515625,31.128583031932422,0.060724705840689105,0.817609521841155,0.43186253369460814,4.442021437682922,0.20951755654248913,0.04544802945263621,0.7331311049577761,0.22142086558958762,10.581827360662151,14.03781833189155,revenant,-3.6420692258810012,5.912867670679667,-0.61595649162606,8.436534504337141
2.7569768157085925,2.611464075443736,29.0,16.179036064204265,28,35,-1.1987812171034382,25.900418808502327,165,0,23.185359477996826,1.9954214096069336,36.01541299117074,0.05540465161668743,0.8978268639320813,0.5503861359867707,3.272161949568133,0.25123280421814675,0.01297667942744213,0.8390203922102386,0.14800292836231982,10.803087522150866,15.679985305952,reviewer,2.8489028892616597,3.7651410638754332,0.75665236466049,2.5209059574318373
3.817015696398496,4.384194698952958,28.0,15.887708366042435,28,36,-1.1585279860420932,25.846635231360956,184,0,42.103503704071045,2.3477001190185547,34.89342269714754,0.06728202444899375,0.8204890173801686,0.4641132571338831,4.126659658646313,0.23707343898840263,0.04427477340794465,0.7339764061634715,0.22174882042858346,10.663775650998149,14.624952455769149,revolutionary,0.15605081807223994,3.8258601309922065,0.04078842736777453,5.008398881358314
3.7949571065120153,3.8253729210666796,28.0,16.51704056357541,27,36,-1.1988506596987842,25.90272219943375,160,0,48.997135162353516,2.366757392883301,35.59730916995587,0.06648697466382779,0.8581125070499608,0.5127008865576346,3.668622452635451,0.2891397954203234,0.046035319013664075,0.7716790032118733,0.18228567777446292,10.844084736271139,16.004720098040337,robot,2.1005402877357757,3.614726749280575,0.5811062449336836,3.21275327569659
4.889302007204216,4.842079468351637,25.0,15.292287534924466,29,37,-1.1237970095474679,25.77906179376641,198,0,57.692079067230225,2.7941484451293945,33.04446518209602,0.0845572300756529,0.8048637382488719,0.4471730551573909,4.507645514968168,0.2175364475336147,0.047062924476640795,0.7144665642977988,0.2384705112255605,10.636450104134488,14.426493878405477,rogue,-2.74946089937536,4.981004772153143,-0.551989212045434,7.4140480557387445
4.497258256847741,4.4544965784215576,23.0,14.042500391699992,29,37,-1.1367026031766827,24.692785252661515,198,0,44.13394355773926,1.78680419921875,31.47727206492968,0.0567648999421876,0.8269971098136779,0.44251021120463185,4.356180210063642,0.2350989824615545,0.03520469360283668,0.7437428227369753,0.22105248366018795,10.638958391525184,14.444598125039466,romantic,-3.0929266013042915,6.319373289209381,-0.4894356544161753,8.510125320681015
5.017411927776881,4.929137785360599,29.0,16.5416366142662,29,37,-1.1251822354826533,26.42290982402576,198,0,50.92962694168091,2.1822261810302734,33.842417580877644,0.06448198258339916,0.7987412889814315,0.4582888587063333,4.484066782499464,0.21865086446801518,0.03675449421729028,0.6973348801296492,0.2659106256530605,10.61672624816072,14.284920077414288,saboteur,-0.6689472163855313,4.1866431261573664,-0.1597812844868658,5.794098700617652
4.389270065085594,2.4151379349338398,25.0,14.50057961820288,26,34,-1.2496886349356882,24.165670929688876,162,0,29.78467082977295,2.166205406188965,35.18569026523057,0.06156495410094436,0.9180031795180031,0.5397758380606636,3.0478516513865794,0.26921420715633737,0.0124836613969678,0.8537769004219424,0.13373943818108952,10.795428832165946,15.620056050868182,sage,1.277373112590293,2.855189824379436,0.4473864055143601,3.315413712862577
3.3316482614914973,2.2614860925978446,27.0,15.422626720685109,26,34,-1.2589833369094745,24.68890962759404,140,0,21.244884490966797,1.5084114074707031,35.223619411288446,0.04282386173487011,0.927004334953724,0.568151180472499,2.9348024325746063,0.26176888556316824,0.0077931382725196854,0.8695665455580177,0.1226403161694625,10.783386620116136,15.526288612399982,scheduler,2.299464615402817,3.7862050742094215,0.6073270122281892,3.2002172263536868
3.457248423523813,2.6561225856579456,27.0,15.642071973695899,27,35,-1.2262389160769787,25.15976700363921,152,0,32.361719369888306,2.654189109802246,35.34472540432243,0.0750943480092126,0.9028888828473025,0.5460902213006265,3.2767543092626625,0.2821088292867822,0.018326423167375646,0.8387994562852006,0.14287412054742352,10.816910514185924,15.788732833105058,scholar,2.58193869749722,4.164382515564319,0.6200051719185886,3.3662788207082577
3.5641771455153872,2.951845240361168,28.0,16.0158275052801,28,36,-1.1921512805276469,25.719749055724147,169,0,29.818278789520264,2.8397998809814453,34.96581441017061,0.0812164661079773,0.8877617935963887,0.5369920121052164,3.549002217849284,0.26052513946780265,0.01096065049033752,0.822486328686318,0.16655302082334472,10.777956229491155,15.484188886692424,scientist,2.3359812947038843,4.01393446035267,0.5819679712704232,3.4307410212340868
5.0393287565958,3.444225354981479,28.0,16.548354830177953,28,36,-1.173082174707005,26.24023671244316,180,0,36.79572772979736,2.060359001159668,35.99801330938175,0.05723535305829504,0.8806029835260649,0.5386084394351681,3.8521258852322044,0.2568860259955766,0.016274615347746983,0.803842931283572,0.1798824533686811,10.71803114111349,15.027124788319648,scout,0.5633557538479603,2.93597823168959,0.19188008540641038,4.037782243033707
3.6056193768348446,2.3372875453728152,28.0,16.296193828352,27,35,-1.237273887821653,25.698486577643294,140,0,22.844906330108643,3.102590560913086,34.414223859236735,0.09015430868362746,0.9219471428799229,0.578542398365287,2.8227914280133097,0.29166737808418647,0.006801329306893223,0.8666314964157696,0.1265671742773375,10.793654016784684,15.606200841519462,screener,2.614137834358841,3.656444723053907,0.7149397932578293,2.672246627612291
3.173648765845808,2.182757435475249,26.0,15.572973579401676,26,34,-1.268063895818471,24.838432263380227,137,0,26.89734697341919,2.77999210357666,34.82293267315123,0.07983222233663442,0.9335360277577923,0.5777500085165889,2.7975142320238557,0.27937450765014765,0.006503386728349227,0.8763241424695912,0.11717247080205917,10.81547705227298,15.777420613913222,secretary,2.5793425156979612,3.693688845828642,0.69831071954284,2.7659900614986994
5.132429062326381,4.733313610194215,26.0,15.210129016783178,29,37,-1.123635163060343,25.533304888614754,198,0,39.92884063720703,1.4339885711669922,30.21142806966565,0.047465103862694105,0.8024158303444064,0.42647319470981127,4.52298635118454,0.21887690889128558,0.03211838145385897,0.7121377980316015,0.2557438205145398,10.465661903616155,13.24569068926192,shaman,-2.611883468178309,7.039086737369828,-0.3710543094052349,8.875422452186239
4.98835630175522,3.616709639391622,27.0,15.562791294760048,29,37,-1.1384382782268725,25.798737563320618,197,0,41.57440757751465,2.2665224075317383,31.10053334065584,0.07287728421585783,0.853091557404699,0.48956257506424805,3.980804390066861,0.22918718771371913,0.01834121424331455,0.7709291532718056,0.2107296324848798,10.614933941861562,14.272124335623923,shapeshifter,-1.8795387826575483,4.048199959841564,-0.46429000575631363,6.375273699428527
5.015926497489734,5.381175005939417,24.0,14.625394240055376,28,37,-1.156265688723952,24.74182794044875,197,0,44.43349838256836,3.2658309936523438,34.54905300601955,0.09452736643992331,0.8184703586906029,0.44458251066644094,4.608367561856684,0.263875161753854,0.033080266094010345,0.7300253216155771,0.23689441229041294,10.613776358046477,14.263866135675212,simulacrum,-2.11092777634372,5.148890248863522,-0.4099772328240343,7.2344311457487835
3.753832310846734,2.751036624144947,27.0,15.924515791324668,28,36,-1.171250532459288,25.857248006617745,172,0,26.385788440704346,1.9287681579589844,35.099658044708605,0.05495119512281838,0.8957852188846148,0.5401637318675951,3.3959046844662737,0.258653849971027,0.010059273485087,0.8268589457527865,0.1630817807621267,10.714202225929943,14.998383515938103,skeptic,1.931333503425265,3.827976778377328,0.5045311440588084,3.6134236854598485
4.352253031192769,4.620625342601901,26.0,15.51515944499836,29,37,-1.1431249992086552,25.452479544630357,193,0,57.89372730255127,2.0628480911254883,37.10230415085851,0.05559892136989439,0.8169643475817412,0.4612340942434884,4.515181550218839,0.22333911121762423,0.03202931770510555,0.7044656762560989,0.26350500603879556,10.568988673588311,13.947993370611078,smuggler,-2.834747315074417,7.051898975160304,-0.40198354018677324,8.970259638061302
3.1758413935620506,3.2401132987698635,27.0,15.19455213607194,27,35,-1.1991960417701164,24.95322813541795,165,0,20.359708786010742,1.277165412902832,34.67674674010651,0.03683060070412214,0.8868934244167641,0.5139665352987233,3.54894361169966,0.28164989185611644,0.015557617960055616,0.8145551845705504,0.16988719746939382,10.716979049535293,15.0192219114223,sociologist,1.8126938521791716,4.549463815182822,0.39844120666037824,4.461601841369348
4.35951771661886,3.788467629439507,27.0,15.791459489397509,28,36,-1.1742062556058037,25.6393711948296,190,0,44.87860679626465,1.8410139083862305,35.39471664438437,0.0520138055315756,0.8402958999733248,0.48620298371202764,4.042936915291974,0.21425515099568349,0.026769925483657725,0.7729094306210647,0.20032064389527743,10.666466054635872,14.644639206771332,soldier,-0.46883594242478677,4.746476318108505,-0.0987755781349016,6.100417332774684
3.965393388370352,3.940772133562896,30.0,15.958724333429233,28,36,-1.1757751235902516,25.558721340668086,192,0,33.20234394073486,1.634958267211914,32.86726825692647,0.04974427002668108,0.8533086211848633,0.49741938241161254,4.004341383288084,0.25562943888215345,0.01563101286547353,0.7755942426570275,0.2087747444774988,10.642150537333599,14.467671164947797,sommelier,-1.0928350851416393,5.41425343060024,-0.2018440952477698,6.945025085231488
3.532513846970884,2.5206247066269776,27.0,15.740625339536447,27,35,-1.2106662622192423,25.398242693618112,157,0,26.66114568710327,2.4960336685180664,35.85303856055327,0.06961846941654444,0.905977281054406,0.5532760235470571,3.1614440018568875,0.2660310014480488,0.011002688748864191,0.8440041224875527,0.14499318876358316,10.839150445195182,15.965282793053323,specialist,2.9215153052001535,3.852887221548657,0.7582664991750936,2.5555470164134406
4.7639917170618915,4.687269638387891,22.0,13.548420352308247,28,36,-1.1676507685685862,24.178887165787575,195,0,62.277828216552734,2.915416717529297,35.354968673298735,0.08246130111072954,0.8111035403456115,0.4210802520489958,4.361395110783227,0.2290124232379533,0.06322443978294376,0.7270922723345851,0.20968328788247156,10.733203575474011,15.141557326797972,spirit,-2.843767674065321,5.282421073824091,-0.5383455113332415,7.66168681718039
4.233716650701693,3.906934646988509,28.0,16.35605649872268,28,36,-1.1698327829355364,26.00823509390995,188,0,44.28308153152466,2.166278839111328,35.47135841459646,0.06107121170245075,0.8408966901740953,0.4987929938527945,4.049392508526606,0.23686960207215826,0.027051553546445253,0.768034670111334,0.20491377634222052,10.672865408624833,14.691572367369291,spy,-0.08267667451241037,4.29071656667622,-0.019268733608394786,5.520563164978511
4.40033997384613,3.2273684415518322,27.0,16.1294657869853,28,36,-1.1925504224596128,25.836915673958135,161,0,27.32443594932556,1.9061517715454102,34.55421591463613,0.05516408695987864,0.8829691101133639,0.5387239103386088,3.6364188888888935,0.3044026929711878,0.012119814463364728,0.8078193952983512,0.18006079023828409,10.759110037117527,15.338965188466963,statistician,2.0804460210372744,5.0891273049746095,0.40880211799843236,4.826082196435726
4.8098743876979135,4.23276533118436,23.0,14.29338782611389,28,37,-1.153170183370876,24.73917132258743,195,0,41.04983949661255,2.1856307983398438,37.56396741059382,0.0581842374222551,0.8487520560609747,0.47026955884079547,4.183693287648673,0.22390273933411664,0.039070672925962224,0.7597080111644737,0.20122131590956407,10.807540276466069,15.714933756849184,stoic,-0.29023397949238927,5.01994239271544,-0.0578161972363577,6.218862357606171
3.6193139276662345,3.1842255744811245,26.0,15.589378149095381,27,35,-1.2177478490869775,25.243947961834923,155,0,21.736626148223877,2.205136299133301,34.94946078817863,0.06309500202301177,0.9029490843278075,0.5430362785254417,3.197411297817488,0.2745964530719284,0.01622027144021858,0.8316323330897197,0.15214739547006204,10.70630234515048,14.939257643816608,strategist,2.5354109224001506,4.773217662612468,0.5311743778750024,4.133884410651264
4.552921580471829,2.231847495771411,27.0,15.639677456849334,27,34,-1.2471752314960762,25.097271224722338,161,0,30.131887435913086,2.9113073348999023,34.61753374326802,0.08409921274261939,0.9274364064067427,0.5731922113880654,2.9342890324600184,0.24035393423824325,0.009355888621623037,0.8657084717327704,0.1249356396456064,10.818198909781708,15.798907176820714,student,2.738447781652167,3.1904762599048015,0.8583194352726127,1.762708233196369
3.8752767864402546,2.1003545414189677,28.0,16.11218325207397,27,34,-1.2469274796107335,25.486726522948764,158,0,21.96051597595215,2.3699026107788086,35.30675355171749,0.06712320936863721,0.9302017698609585,0.5854105358381949,2.737669512187067,0.26826226723047036,0.008522555941135953,0.874501035974995,0.11697640808386935,10.869099998517644,16.206158364935018,summarizer,3.33408947304713,4.632123874915094,0.7197755420796563,3.2161731372444495
3.1110477939861036,2.1309972375492667,27.0,16.044940632764106,26,34,-1.2662483056461038,25.248059311305582,129,0,25.440914154052734,2.7519426345825195,35.39708712682705,0.0777448897058214,0.9325090363837605,0.583620560254569,2.8504117747504263,0.27497126915328807,0.006663841930397634,0.8763071773174211,0.1170289807521812,10.776730267220522,15.474700279474938,supervisor,2.8522218393139323,4.140096561430235,0.6889264047330832,3.0490266581091863
5.007625361396278,5.586283987534131,22.0,13.259406067305537,28,37,-1.157582611988899,23.59554894223463,196,0,65.09730339050293,2.7227611541748047,32.237092823586,0.08446050545174219,0.7999044377133153,0.39969995737420616,4.538039554767622,0.24462934361269212,0.04874510751353222,0.7097490161859386,0.2415058763005288,10.616976940474059,14.286710749468902,surfer,-3.005245641336379,6.374293524975712,-0.47146332837690114,8.516134621607142
4.021599489319488,3.122679864041554,23.0,13.886812125382447,27,35,-1.217644018202206,23.952482704807394,171,0,31.719668865203857,2.2329416275024414,35.74332478110537,0.062471570319133224,0.8846850333336171,0.502736249448516,3.4779696810996654,0.2732340986575565,0.022838159827189643,0.8198946441051607,0.1572671960676496,10.802303086566841,15.673836542642526,survivor,0.2942091186246268,2.9756681834369174,0.09887161487367628,4.28534662986031
4.0414384807542,4.657588958802785,28.0,15.74738544223825,27,36,-1.187053032224437,25.278760170466892,192,0,35.17013120651245,2.1781139373779297,35.049177909023854,0.06214450858252931,0.8188247353527571,0.46052065635647765,4.301775476652325,0.261098296276855,0.0439612568581267,0.7344509435581766,0.22158779958369682,10.68710199530469,14.796524385570692,swarm,-0.28535054502903123,3.8825607585069446,-0.073495448694218,5.339997796310088
4.046160375108242,3.590337171820934,26.0,15.445311645235625,27,36,-1.2083277686874898,24.867630674970943,175,0,31.493229866027832,2.2029714584350586,35.815200687570446,0.061509398695051655,0.8664093186670991,0.5095328441372594,3.836639675023684,0.30103703153295075,0.024554522185913502,0.7928614663264155,0.18258401148767087,10.719954977807486,15.04158660978675,symbiont,0.2606955772292176,2.8187018932280528,0.09248781428626425,4.205000493998516
3.7693943156753003,2.5796334446326705,27.0,15.707162805179475,27,35,-1.2243579747062057,25.27013715261328,171,0,35.10347557067871,2.5948410034179688,35.25122697873964,0.07360994852698156,0.9033371374998963,0.545657234330357,3.2815053650347874,0.24966723932490315,0.01297276025594672,0.8408363252396777,0.1461909145043757,10.80912292120926,15.727374257073008,synthesizer,1.6707809702393384,2.5190909481591897,0.6632475780440763,2.5528061218503098
4.606249624744329,2.878876833232154,28.0,16.119426452056146,28,36,-1.176711701959288,25.989679624981132,177,0,33.440887451171875,2.608081817626953,34.16108575049998,0.07634657272533504,0.8900079254404354,0.5444864328881183,3.5375850942832345,0.2641180182205929,0.015542591266456109,0.8222826313030248,0.1621747774305182,10.754852680302776,15.306348192342845,teacher,2.444737579870784,3.620338614033261,0.6752787074652139,2.833261120093389
3.1913913138398584,2.584110675005955,26.0,15.309444483610408,27,35,-1.2384351293807667,24.797221414335027,154,0,28.962053775787354,1.7522964477539062,34.81193738414944,0.05033607950104384,0.9128021627085804,0.5548621071577264,3.055356711263055,0.2700533391683577,0.0099731658176894,0.8517772728429264,0.13824956133938401,10.799633506973443,15.6529292220935,technologist,2.053696489484114,3.5709399611229866,0.5751136988699942,3.213243273224145
4.362241980656916,3.4199692541782882,26.0,15.321408246322429,28,36,-1.1792157412598374,25.375774976428417,191,0,38.05166816711426,2.165163993835449,33.54593335867692,0.06454326283562513,0.864965318496097,0.5046983624740601,3.6877829402877205,0.24333085420030104,0.03303317258087876,0.7924560693320768,0.1745107580870447,10.73306226791215,15.140487556315762,teenager,0.8517256161635064,6.0464136947413,0.14086459497541012,6.502810860346648
3.885582987360883,3.2251834678747584,28.0,15.8826975042767,28,36,-1.1697200028554393,25.625361133165974,176,0,26.661060571670532,1.6577234268188477,34.92055868869624,0.047471274488957466,0.8707267236329381,0.5083298927358149,3.669535073221896,0.25845232347325736,0.015346336815250907,0.7976566636281536,0.18699699955659574,10.698835182960417,14.883584708285303,theorist,1.5040082421872485,5.192221920802004,0.28966563161748204,5.316158972952361
4.019552692764787,2.4917151319854485,25.0,14.903466599375289,27,35,-1.2215369831927365,24.84779939406137,156,0,22.882615566253662,2.017216682434082,36.33824668582434,0.05551221829370773,0.9113613112560488,0.5451124145376148,3.0887965303395544,0.24117229823803726,0.009319110532927171,0.8410532120548849,0.14962767741218774,10.751222675166149,15.278592327165061,therapist,1.9196993190498355,3.6537057654854324,0.5254115799865958,3.439755232788917
4.956441416933135,5.864797789882028,35.0,19.03389213222371,31,39,-1.041759669144683,29.05595598396999,200,0,64.09168148040771,1.796870231628418,30.92157019834104,0.05811057524254771,0.7345396533107906,0.4254835352267382,5.171114413137781,0.1678508928289553,0.04208280432973098,0.6504204213651097,0.30749677430515954,10.479426200949566,13.33716390687566,toddler,-4.09548800220405,15.64238771525177,-0.26181987537687956,16.851509550353494
4.841279644853028,3.587185229173117,27.0,15.255130727748105,27,36,-1.1940465907076518,24.79213625480397,189,0,34.489633083343506,2.2546634674072266,34.72742694904445,0.06492457591849503,0.8688492381109407,0.5022314981263375,3.9102249552393458,0.2581982847827581,0.024273811091216704,0.7943605798852549,0.1813656090235284,10.669531936875858,14.667105791975457,traditionalist,-0.5635059211975565,4.248904288909351,-0.13262382084445648,5.777670660492178
4.451813925666716,3.2011060215117175,27.0,16.173345732554818,28,36,-1.1784170718353681,25.999744675963868,178,0,48.54933023452759,2.5198850631713867,34.254700823587676,0.0735631899443186,0.8704415214191371,0.5263973714527553,3.6154957047139065,0.25520221360178236,0.01896051406184202,0.7962648463015092,0.184774639636649,10.74278776326745,15.214291225898151,trainer,2.3027709969161716,4.06443898681165,0.5665655221761813,3.5218284146585543
4.427226771121253,2.371104199322313,28.0,15.999349207464357,28,35,-1.207545833569375,25.78389775135928,152,0,31.55878496170044,2.7598018646240234,37.62044348666395,0.0733590997033925,0.9178942453674277,0.5663571178698804,3.0027989235237955,0.23997355442012275,0.013236810307742503,0.8448568892435386,0.14190630044871858,10.84277248267547,15.994222416573844,translator,1.9599617224595476,3.1202142033761446,0.6281497341877437,2.8186785523126607
5.042126270055375,6.367173535894599,23.0,14.259917033309538,28,37,-1.150404359141692,24.53658152121098,197,0,48.45523691177368,1.685689926147461,34.88912500427784,0.04831562631452565,0.7745324928148983,0.39704066976032404,5.059478043415498,0.2336852969781913,0.04719068963944348,0.6754328122805418,0.277376498080015,10.600859380748215,14.172039966469109,tree,-3.639691853913271,6.63183103112032,-0.5488215602649961,8.954226108631904
7.57754660384163,9.412023660253416,34.0,18.093825891549677,32,40,-1.0229165484323606,28.491715845601814,200,1,105.04617500305176,2.862865447998047,28.502419420285193,0.10044289243602048,0.6513357656279626,0.3210988566525832,6.095121207043062,0.14797527304554503,0.1295903694521618,0.4761999426330556,0.39420968791478234,10.481170393640703,13.348800272057355,trickster,-7.674812444713535,11.911429858078735,-0.6443233546397636,14.333638765455389
4.498757480189633,2.8382343187384453,25.0,14.337614440691048,27,34,-1.240895494026737,24.05913146372074,170,0,28.848630905151367,2.1896495819091797,35.28417489300007,0.062057553805617775,0.9037835516498254,0.5237905089718723,3.4112133237711064,0.2813025101303399,0.014446145277038983,0.8413615287007841,0.1441923260221769,10.778616128486393,15.489298729985384,tulpa,0.5527934479726196,2.2718882633269977,0.24331894173488008,3.5940016279811635
4.266702136393271,2.6582564156936708,27.0,15.802353042546313,28,35,-1.1966797683288943,25.5618127777833,171,0,22.210490703582764,1.9103355407714844,34.32672851065275,0.05565154687486873,0.9047282458644964,0.5553133237723946,3.251666549397314,0.25188119717729207,0.014483973341726396,0.83404669638989,0.1514693302683835,10.793282838408322,15.603304768122957,tutor,2.474160403222993,3.6302050174753817,0.6815483950114869,2.8105697640742893
3.513009360465396,2.14923375977593,28.0,16.2842456429853,27,34,-1.2379930244324153,25.75945913512231,137,0,23.163246631622314,2.188234329223633,36.49477332959125,0.059960211547589896,0.9279816441345619,0.5848651002335054,2.789419138851223,0.2765006500841622,0.007912975353384751,0.8714760059543835,0.1206110186922316,10.81786100210203,15.79623811626829,validator,2.801276692157579,3.3754215687079077,0.829904246073148,1.973637283044487
4.453771333058768,5.526422158543128,22.0,13.343838606875376,29,37,-1.125405767517935,24.376937610655194,197,0,60.499682903289795,2.384157180786133,30.140459280750626,0.07910155444475221,0.7857345944854834,0.3974017383395313,4.6468743326120014,0.2111976725408312,0.041088732004971144,0.7086687798419994,0.2502424881530296,10.509186068596412,13.537103880907205,vampire,-4.639573181059588,7.7411286839563,-0.5993406608360909,10.144220062690392
4.554029050400109,3.528323756180605,27.0,14.907987409950973,28,36,-1.1906059636081379,24.521773128002902,188,0,27.74355411529541,2.0361385345458984,34.728691637135235,0.058629865928167144,0.8717398937939744,0.5017164429773096,3.905000268897197,0.24860267256217733,0.017176383415502764,0.7945739115718269,0.18824970501267027,10.618933829826544,14.30069634649345,vegan,0.692137005522259,5.848928976565354,0.1183356830447786,6.4046890523088775
5.121879152708213,3.2676091123394158,28.0,15.599056681717183,27,36,-1.1955449801418658,25.32448219326697,185,0,44.14711856842041,2.461467742919922,35.1757538242544,0.06997626135371375,0.8752244508133113,0.5145217250481571,3.870961913813354,0.2555719752541056,0.02133317835326822,0.8002601765874637,0.17840664505926826,10.672924995250339,14.69201008450015,veteran,0.4409270766600221,3.5600417158777713,0.12385446909048542,4.603060320830468
4.359072387959158,2.722917552646743,27.0,16.141002580696348,27,35,-1.2084872040847416,25.522009222925437,174,0,29.615355968475342,2.496034622192383,34.729520746793284,0.07187069007921314,0.8886610587986259,0.5474586246066337,3.372907365084399,0.26057895512384716,0.010916328492610896,0.8252067691239777,0.16387690238341168,10.69125746602384,14.827299607797778,veterinarian,1.027690919360268,5.13958563410851,0.19995598721812652,5.563185344462022
3.8800112853504984,3.5578426860833225,27.0,16.102264813373548,28,36,-1.1900206811348526,25.679379206133536,189,0,42.32590055465698,2.546940803527832,34.93147832189304,0.0729124825481994,0.8574823566473826,0.511179040851475,3.793547148327383,0.24367294073988321,0.022941296055894515,0.7797591948059328,0.19729950913817318,10.677252655699508,14.723835519982847,vigilante,0.09945026158838685,3.673132846548756,0.02707505166382138,4.931808377299972
3.471997933744974,2.7755368775336593,26.0,15.17896758347932,28,35,-1.201976792461498,25.18024684967862,167,0,36.56041431427002,2.5015878677368164,35.44048831739976,0.07058559253848215,0.8968440133122263,0.531910266138495,3.316027850464309,0.26029444167847304,0.01810334663402374,0.8311369319837117,0.150759721382265,10.823317884314752,15.839396071866918,virtuoso,0.8014651743615862,2.3939511146340093,0.3347876109342004,3.435025004921795
3.8133361045065026,3.8392752374706474,25.0,14.670578876741867,27,35,-1.2083194849209844,24.234860753485265,181,0,41.15960502624512,2.1145029067993164,36.11508502753811,0.05854902197203709,0.8581311301748915,0.47178000762169126,3.5708822944839325,0.2904268235058098,0.029846647032269275,0.7488078284418552,0.2213455245258754,10.781623846078913,15.512609972143295,virus,0.34326996760820777,4.42441667539475,0.0775853615951714,5.362110700809746
4.1393087623676745,2.699998610982791,27.0,15.36125282690982,27,35,-1.2176863101927322,25.06533163473779,170,0,28.98294687271118,2.025747299194336,35.364279402548036,0.05728230105116686,0.896389282283352,0.5300521893960479,3.2943546185516515,0.2569541393470044,0.014557954730057795,0.8377725868107018,0.14766945845924062,10.808166368149687,15.719854021610084,visionary,1.0588588593907238,3.0502850391836787,0.34713439753620434,3.6914072869043886
4.8107327405142355,5.681372381741518,22.0,13.318689203995117,28,36,-1.1778984738395957,23.47808676578732,197,0,60.886218547821045,2.3799524307250977,34.92768807442441,0.06813942066975236,0.7975917195990249,0.4000286623617272,4.736339749112418,0.2226322603364933,0.04837565728356519,0.6955251932786888,0.256099149437746,10.649027721311164,14.51750521348918,void,-3.945570179649656,6.597983560838255,-0.597996364081329,9.044635577934391
3.856678619548286,3.438223763265567,24.0,14.492974895811138,28,36,-1.1870746529099705,24.614718807916045,189,0,29.248534202575684,2.2984790802001953,34.63296409901276,0.06636680226471621,0.8748302033507598,0.4964565449879552,3.717008554913382,0.24546536756590726,0.025569089217527367,0.798559384906152,0.1758715258763201,10.724999697857573,15.07957479636511,wanderer,-0.629693739149481,2.6585190904153326,-0.23685883671841748,4.779647394018497
4.193526495535808,2.8826226956725947,23.0,14.31207381929367,27,35,-1.213133716412041,24.395322662978778,177,0,29.781174182891846,2.065074920654297,33.84393294591293,0.061017581022706754,0.89655841884391,0.5231391556628658,3.420450854529416,0.2672327045658283,0.016396017510138236,0.8275709802660247,0.156033002223837,10.77588821871943,15.468186426728545,warrior,-0.1021872849845824,3.2140348022649934,-0.03179408166724549,4.746445798744766
4.372562429206911,6.8209332426842275,20.0,11.809590055740847,28,36,-1.1669459571360632,22.460048932675647,199,0,78.60223865509033,2.970491409301758,33.76675489284395,0.0879708878963457,0.7502611455987387,0.33078104530840646,5.11356409545271,0.21426943251892167,0.09671731344259633,0.6539324105033462,0.24935027605405732,10.698833163665586,14.88356968112005,whale,-4.9799804275546915,7.410271034757905,-0.6720375549282981,10.010072424866276
3.802946775960687,3.2802213596517347,23.0,14.183629921224345,27,35,-1.2096491901316626,24.2134465195129,168,0,20.34221124649048,1.5834293365478516,35.00440592697873,0.04523514382306557,0.8812905118684311,0.5032967918102929,3.5421305505373812,0.2794849817326698,0.0158934860402725,0.8104638465568134,0.17364266740291454,10.665598286954028,14.638286512728687,widow,0.5990216934859107,4.321413349332228,0.13861707850244767,5.110418245826583
2.8791712137338203,5.541061896095716,20.0,12.14374556900166,27,36,-1.1758387034310802,22.83349068176847,186,0,60.54689693450928,2.431605339050293,36.21710845712801,0.06713968736429372,0.7920749193846067,0.3802184993572967,4.617840703684952,0.25044125361222047,0.09531157292337875,0.6823818802191008,0.22230654685752013,10.775205478727829,15.462906953171212,wind,-2.389376526264748,4.350220721815769,-0.5492540905527731,6.829299082105255
4.03308511748567,5.3593341296305095,26.0,15.56083414296333,29,37,-1.1233753667178892,25.723543527451298,200,0,65.90614461898804,2.24031925201416,29.956069124733443,0.07478682342084812,0.7723769402115436,0.41665246281328583,4.718400618611224,0.1987116328604557,0.05275744350972478,0.6886214923566012,0.2586210641336741,10.507958199997647,13.528795539169362,witch,-4.7264050196610565,7.9054227089693345,-0.5978687280439251,10.298781405767793
4.862211830506052,2.2854533988455703,28.0,15.670213177120644,27,34,-1.2382256485813739,25.23053931703867,166,0,26.299010753631592,1.998208999633789,36.00246373885282,0.05550200714395498,0.924128611504369,0.569296080344275,2.9024147930655535,0.27917694900569984,0.008956793159350614,0.8630725990891663,0.12797060775148272,10.811205244397279,15.743757522457456,witness,2.1723565103725595,2.7842972081437374,0.7802171779717609,2.1261814158742802
3.8622411960276932,3.5115151037673074,25.0,15.035638406543645,27,35,-1.21900921304255,24.55560159940113,175,0,40.57530164718628,1.6058197021484375,35.53051178604684,0.04519551285436473,0.870204104845059,0.508592595309849,3.8473773620564047,0.2524415066631504,0.01678839455003894,0.7980034713466775,0.1852081341032837,10.711424488025058,14.977567185659549,workaholic,0.34207563018140186,3.5040182889310243,0.0976238141398969,4.632819308462272
4.661982920591614,5.241882209671428,21.0,12.73357200971678,28,37,-1.1404027963282302,23.571770338174726,200,0,54.49697208404541,3.0617198944091797,31.447373342898008,0.09736011529562709,0.791261705760381,0.39014007894178526,4.6872795662255715,0.20036302633167621,0.048897124933857394,0.7086435229832326,0.24245935208290953,10.576448093690116,14.000112475832742,wraith,-6.058451249849002,8.78937526879653,-0.6892925907211316,11.395562424422216
3.5807628210651052,2.3050408368586806,28.0,15.271182454436547,27,35,-1.2260449159813567,25.018426212400396,161,0,20.147236347198486,1.8858041763305664,35.098890328364526,0.05372831330814434,0.9162294076612854,0.5466917724275604,3.0622960925823772,0.24730644618680775,0.012029501377183923,0.8522495486616928,0.13572094996112385,10.852644712175898,16.073366906206108,writer,1.4846542534137468,2.6188320079528515,0.5669146584833081,2.879575546885892
5.79735652426723,3.6566698188949385,24.0,14.844645176214016,28,36,-1.1714760049896968,25.109563021126938,195,0,36.85217905044556,2.180417060852051,35.94492998640041,0.06065993345033642,0.8549743091341855,0.485896640008757,4.041174174605431,0.24284019284281674,0.021028857249287367,0.7736144676699573,0.20535667508075528,10.764890755098262,15.383364438378042,zealot,-2.1486253986218786,5.755394650096702,-0.37332373003922115,7.694558439144018
4.576555110697079,2.4459038278849747,25.0,14.689646605037414,27,35,-1.242257363154911,24.344882693718063,172,0,18.448340892791748,1.2505826950073242,35.59948588962743,0.035129234699754604,0.9178196394232764,0.5409232214325441,3.1140698863644793,0.2584313972856098,0.009767245346775425,0.8544879201462405,0.13574483450698396,10.806181751557661,15.704262816972543,zeitgeist,0.8158330915229716,2.670638945734109,0.30548236137502827,3.619839221708046
